uid,lat,lon
B03V37F1084,22.14601278847249,71.41630988761166
B03V37F1110,22.165873350263098,71.4028677740423
B03V37F1081,22.16842729778396,71.4304886657006
B03V37F1096,22.15963672449918,71.39261139686504
B03V37F1097,22.250427997275533,71.48035427157728
B03V37F1095,22.2078878749814,71.51894555279908
B03V37F1105,22.232443386735355,71.39322366100097
B03V37F1089,22.178693740847518,71.42025675177865
B03V37F1091,22.166938304837192,71.46106070110463
B03V37F1100,22.212423561303456,71.40125835810674
B03V37F1083,22.200335684526372,71.48506152165595
B03V37F1090,22.174306569699212,71.35186086213177
B03V37F1104,22.15749506366001,71.45058863752074
B03V37F1098,22.1865416998062,71.39980211461418
B03V37F1088,22.14831759454,71.5142470304224
B03V37F1101,22.18102831103219,71.46470211833963
B03V37F1109,22.216011045184366,71.46907701314461
B03V37F1102,22.217172632796412,71.50542638635316
B03V37F1086,22.16252899828135,71.42989246084709
B03V37F1087,22.250539339987203,71.41633806812301
B03V37F1082,22.170503773300418,71.5211543171824
B03V37F1107,22.207070341529818,71.46750129833704
B03V37F1103,22.160175522321016,71.4919135925416
B03V37F1106,22.17246048387407,71.45101744102834
B03V37F1111,22.200170579726652,71.50339255239551
B06V80F2304,22.9409624207056,71.27950849575348
B06V80F2291,23.027797513064392,71.26225470173834
B06V80F2306,23.01504585219743,71.30597746612233
B06V80F2286,22.917187623430166,71.23768400027197
B06V80F2298,23.034777603098,71.32627888506634
B06V80F2299,23.001514627890685,71.22712809699186
B06V80F2295,22.986951258290283,71.29639542051848
B06V80F2294,22.90594846585668,71.31968937421598
B06V80F2300,22.93495915740512,71.3176731628475
B06V80F2288,23.038621433961143,71.20840953615804
B06V80F2285,22.941292350897523,71.24155305289854
B06V80F2313,22.996380540576396,71.29245436294157
B06V80F2282,22.974277401490856,71.32644519658727
B06V80F2305,22.97672344830734,71.3249168450408
B06V80F2309,22.922874507692818,71.25310951127408
B06V80F2307,23.00597803046133,71.30338435743325
B06V80F2284,22.98525863247872,71.24077740819901
B06V80F2311,23.068189816737835,71.26015174416223
B01V01F0001,22.458238595095924,71.74618055531587
B01V01F0008,22.41838395360237,71.73948145805308
B01V01F0010,22.39145227700763,71.77266332014473
B01V01F0011,22.428535930587742,71.72755851891387
B01V01F0018,22.471055323417485,71.82568914427114
B01V01F0005,22.45114315383549,71.7817880834854
B01V01F0026,22.466644035148622,71.71551131594057
B01V01F0029,22.471440160834593,71.75211795014536
B01V01F0024,22.4492355623347,71.73844411610249
B01V01F0021,22.471833993908913,71.70027407922585
B01V01F0015,22.441351489296835,71.78575473631037
B01V01F0033,22.42059481239301,71.71337856556823
B01V01F0019,22.484302697696986,71.69630372416907
B01V01F0002,22.44343577352483,71.74345184278157
B01V01F0017,22.434142467909307,71.8078568999249
B01V01F0004,22.48690624702402,71.7202402611053
B01V01F0023,22.46807968045345,71.79540018314353
B01V01F0030,22.52238558828016,71.79649474835277
B01V01F0028,22.430845538301536,71.74611068292553
B01V01F0034,22.469732777900195,71.71111523443996
B01V01F0013,22.52042971047913,71.75089737592016
B01V01F0027,22.51818130639917,71.76992910604521
B01V01F0007,22.50235500097902,71.7427070988032
B01V01F0020,22.463371774341194,71.78715807611358
B01V01F0031,22.406696694564378,71.70698763949036
B01V01F0025,22.472704860197837,71.7549686070166
B05V56F1546,22.688148780060402,70.76775416272751
B05V56F1565,22.756025578875416,70.70384131891285
B05V56F1558,22.7886201725362,70.6904870197767
B05V56F1548,22.72377410010755,70.65186496858236
B05V56F1543,22.670663737367423,70.71999739726667
B05V56F1564,22.718502739236403,70.69521653033551
B05V56F1552,22.699574077621516,70.77899192834292
B05V56F1562,22.68460128782561,70.67212280061844
B05V56F1542,22.737586946354906,70.77870596698311
B05V56F1556,22.782552673104664,70.75411215432385
B05V56F1545,22.76772252522417,70.62966238050511
B05V56F1550,22.680927169104923,70.68914859923571
B05V56F1547,22.696162231029323,70.6362468581136
B05V56F1559,22.798134075453493,70.7660712995608
B05V56F1554,22.709727305208816,70.67441096378442
B05V56F1538,22.682629413119244,70.75303864076284
B04V47F1344,22.09275544163185,71.19581578372345
B04V47F1348,22.07793200500534,71.21742482528254
B04V47F1339,22.05460730182438,71.16448508607265
B04V47F1345,22.124122995270504,71.26825707913757
B04V47F1353,22.04533004752833,71.24991648785871
B04V47F1336,22.11337209129149,71.14920565322866
B04V47F1335,22.065463084124378,71.21118539001026
B04V47F1340,22.116183606142965,71.19656102447675
B04V47F1354,22.09734246244986,71.17122495951462
B04V47F1334,22.067949069866806,71.21412045690276
B04V47F1347,22.120401569971587,71.12601463627159
B04V47F1355,22.06192791725919,71.27227090651293
B04V47F1343,22.088954498529247,71.17295280125109
B04V47F1338,22.07580109324712,71.20412312046308
B04V47F1352,22.00746489635226,71.15393276584658
B04V47F1342,22.08167277980443,71.14275357232646
B04V47F1349,22.119979897808218,71.16735941746073
B02V18F0547,22.79051366812935,71.36945234214927
B02V18F0556,22.684374795482963,71.39742159295255
B02V18F0535,22.74043695978387,71.44983262319211
B02V18F0537,22.78383993063756,71.30881413611085
B02V18F0546,22.796645666796124,71.33944783332849
B02V18F0538,22.681980256505348,71.39699364126803
B02V18F0545,22.70358130916538,71.31360547309528
B02V18F0541,22.743979488680793,71.37137858115463
B02V18F0536,22.73046880584497,71.36790480869413
B02V18F0561,22.765128852584883,71.34280077208548
B02V18F0554,22.75877640213825,71.4139148470745
B02V18F0549,22.658566198537688,71.3875481397318
B02V18F0563,22.72861475523431,71.41619910177893
B02V18F0562,22.75341658720956,71.42709892059528
B02V18F0544,22.776055724541308,71.40664482736797
B02V18F0548,22.747690148578823,71.3540614018064
B02V18F0543,22.752211588305144,71.4227343377798
B02V18F0560,22.724683487389733,71.32223275490006
B02V18F0539,22.7335484364298,71.4250237191184
B02V18F0555,22.81518177490017,71.3668813145264
B02V18F0534,22.75218624004721,71.32127764128091
B02V18F0542,22.737293565268033,71.4473707264782
B02V18F0551,22.792571790311676,71.33724012995285
B05V64F1783,22.924875504256413,70.81275725314764
B05V64F1778,22.85629453099488,70.7297060904686
B05V64F1781,22.92925374852922,70.81759881069887
B05V64F1798,22.885349412133692,70.75046392351301
B05V64F1785,22.879940930055717,70.72456098241965
B05V64F1790,22.873043572969813,70.76837639748142
B05V64F1789,22.850501946665904,70.81701180303926
B05V64F1793,22.825081205435286,70.7415689402803
B05V64F1788,22.831603190350453,70.78185260923979
B05V64F1797,22.856204288315567,70.84412897722288
B05V64F1794,22.795295253835427,70.71006928575683
B05V64F1791,22.85727209677305,70.84526118845059
B05V64F1776,22.904468764353478,70.83052972438023
B05V64F1787,22.798870705119064,70.78494442659326
B05V64F1786,22.8615432635792,70.82977545679529
B05V64F1782,22.908118083533836,70.78424061104411
B05V64F1792,22.893966618750554,70.81759307557348
B03V39F1155,22.107150312158883,71.43597237386287
B03V39F1154,22.135868270870464,71.49086038285466
B03V39F1170,22.05840442991676,71.38535645515178
B03V39F1148,22.07229346247213,71.45301982662122
B03V39F1156,22.13021318658177,71.41907896559232
B03V39F1163,22.050621932261144,71.46206134598748
B03V39F1174,22.102530086876293,71.49234308035
B03V39F1172,22.060867399598404,71.44085621062379
B03V39F1173,22.14836352101442,71.41500555295323
B03V39F1152,22.056149025524785,71.43337783247506
B03V39F1165,22.13598839449604,71.40203019848144
B03V39F1175,22.170432090891072,71.48587611604069
B03V39F1167,22.048714113921783,71.42250655850367
B03V39F1171,22.182840344458942,71.41172542532058
B03V39F1178,22.07051402307174,71.46666354197139
B03V39F1150,22.17548567119173,71.44960536439889
B03V39F1161,22.118058978132375,71.45553354600395
B03V39F1151,22.084169629031074,71.48834958626607
B03V39F1164,22.10602800412359,71.44456142167257
B03V39F1160,22.10142194152487,71.43609984885367
B03V39F1157,22.16511457808699,71.41505680839917
B03V39F1177,22.157206052321083,71.50737018761961
B02V15F0434,22.66222855003678,71.50084522791417
B02V15F0450,22.766105524187658,71.55965863926315
B02V15F0437,22.70369373294069,71.46378927843197
B02V15F0454,22.740142078946448,71.54150377400374
B02V15F0462,22.681840534765144,71.61668742452484
B02V15F0455,22.690122139407965,71.5230522286447
B02V15F0427,22.65669778780441,71.53705316683175
B02V15F0451,22.704317932929797,71.57916729878626
B02V15F0463,22.76358565471141,71.48980983106824
B02V15F0449,22.72808010366538,71.51841267364189
B02V15F0464,22.723984613301475,71.57543749885558
B02V15F0432,22.657580070695435,71.53616794099149
B02V15F0436,22.628757335877733,71.53923199014152
B02V15F0465,22.645551943488435,71.58209124348947
B02V15F0440,22.70909351531204,71.55626047332429
B02V15F0425,22.785681188258415,71.56728250868085
B02V15F0446,22.643621434053287,71.545840012919
B02V15F0431,22.666194771154306,71.48736680374749
B02V15F0444,22.667642930645734,71.48555747074887
B02V15F0445,22.771737754220712,71.51468989382043
B02V15F0439,22.69768611820657,71.61295308620731
B02V15F0428,22.696947889693153,71.589685888009
B02V15F0442,22.6938639060877,71.52189484354197
B02V15F0426,22.77806390437546,71.52967130384185
B02V15F0457,22.77604400937001,71.57060394265169
B02V15F0459,22.774247566079154,71.52141991060303
B02V15F0447,22.74518860646694,71.6154494564995
B02V15F0458,22.72314877396223,71.56848839939049
B02V15F0430,22.664196722219092,71.55810208315054
B02V15F0456,22.652211378713297,71.52681586399926
B02V15F0452,22.647022581805537,71.49716482573855
B02V15F0435,22.681251452526027,71.53632466317107
B02V15F0460,22.644073198202786,71.47240587696645
B01V05F0144,22.515988986328622,71.63979750859993
B01V05F0137,22.471593558445203,71.59832649326982
B01V05F0149,22.458362972266283,71.63401430268193
B01V05F0145,22.43428238117294,71.59231041052782
B01V05F0135,22.482537703858227,71.62485773547185
B01V05F0143,22.487401102491027,71.68063063863931
B01V05F0140,22.508080102547172,71.57268208716806
B01V05F0126,22.485903159641367,71.53169568493777
B01V05F0124,22.425682970411362,71.65055137745809
B01V05F0146,22.484282115913818,71.63234765547313
B01V05F0139,22.42619128893258,71.61297803096389
B01V05F0132,22.432462983093483,71.63948412941869
B01V05F0123,22.494367399057598,71.54742539083375
B01V05F0129,22.505808763492887,71.58295737095251
B01V05F0131,22.439927151921143,71.57477076158357
B01V05F0142,22.460024044428774,71.65768214413052
B01V05F0148,22.46599766168604,71.55611542671788
B01V05F0125,22.497330062279094,71.59722626252214
B01V05F0128,22.553093641846296,71.58567435413258
B01V05F0133,22.510329106568275,71.60369931955584
B01V05F0127,22.528922971869758,71.56060102777978
B06V76F2168,23.032246711707472,71.2351528457009
B06V76F2167,23.038228627443015,71.19499275348467
B06V76F2161,23.01153821668326,71.18836171722117
B06V76F2172,23.05525890835251,71.22406209008197
B06V76F2163,23.07848502001393,71.24768147273392
B06V76F2170,23.0443516850886,71.25996509265875
B06V76F2178,23.023186124276084,71.29245326785272
B06V76F2152,23.039397463069704,71.17458764078049
B06V76F2166,22.99836976695758,71.22466371154991
B06V76F2159,23.071110437237408,71.1633512232515
B06V76F2164,23.041107770874607,71.22648746440595
B06V76F2158,23.01205867981807,71.24920874010465
B06V76F2157,23.030598436871703,71.32550441229812
B06V76F2155,23.057131869036652,71.1824897370769
B06V76F2169,23.0369822175142,71.22407024352171
B06V76F2156,23.071673200977806,71.16596342804168
B06V76F2153,23.079114654523647,71.24163103361414
B01V08F0225,22.460183033356447,71.74290733217215
B01V08F0219,22.450411709285547,71.7232651070469
B01V08F0215,22.49740978363967,71.63145183302817
B01V08F0212,22.469229401701888,71.78475873313015
B01V08F0221,22.520976642542006,71.78526766818311
B01V08F0206,22.5095779658751,71.65592075517267
B01V08F0203,22.482903324746253,71.68512179048699
B01V08F0214,22.50826123907437,71.65012074484895
B01V08F0220,22.45876601394792,71.71888490046135
B01V08F0230,22.485120356626737,71.70991681358116
B01V08F0207,22.53215925511965,71.69575799310422
B01V08F0205,22.4579509839428,71.74987533583835
B01V08F0233,22.542178377914823,71.77270155311305
B01V08F0238,22.49496459267089,71.80998459976814
B01V08F0226,22.432399006249046,71.74338360630604
B01V08F0217,22.47716359143571,71.72154100804904
B01V08F0216,22.41880664193861,71.74637772043148
B01V08F0237,22.47551210363752,71.82094665728611
B01V08F0211,22.41409898113802,71.7157260066955
B01V08F0234,22.477104867849544,71.71849901368032
B01V08F0222,22.52314638806198,71.71700683396554
B01V08F0229,22.39889580845158,71.72681306433063
B01V08F0235,22.402903126814536,71.70850023962524
B01V08F0224,22.423006578674737,71.77569048251753
B01V08F0209,22.459807096294675,71.75086111840614
B01V08F0232,22.48621362860971,71.7946952116906
B01V08F0227,22.386236809125794,71.69732983668095
B01V08F0228,22.463655005850505,71.75361058390418
B01V08F0204,22.50575388293934,71.72988310465996
B01V08F0236,22.455165762751076,71.74454943522414
B02V14F0391,22.67540114610543,71.48028520719227
B02V14F0395,22.614280317561967,71.48360627169554
B02V14F0402,22.66632026234431,71.41906308564067
B02V14F0413,22.657271761965074,71.51732693106796
B02V14F0411,22.63599468383926,71.60165505576316
B02V14F0407,22.602546961252653,71.52181005819341
B02V14F0423,22.633804319140577,71.49306214182842
B02V14F0399,22.65168741294055,71.41557744052278
B02V14F0397,22.605648782478358,71.4778687152009
B02V14F0393,22.674970833584727,71.48429493948252
B02V14F0422,22.639793266250372,71.48234778445659
B02V14F0419,22.616572559878147,71.53121706809932
B02V14F0421,22.583760973993236,71.50893144872221
B02V14F0414,22.668198563504408,71.5701880409341
B02V14F0403,22.660469997078767,71.54622737157044
B02V14F0400,22.635241431918338,71.4605903698566
B02V14F0412,22.58510868811856,71.51662660714794
B02V14F0406,22.620553609264906,71.52917977909145
B02V14F0418,22.65614615441213,71.51226526658698
B02V14F0410,22.633003507833237,71.4219549069074
B02V14F0396,22.663662774439423,71.53248189478019
B02V14F0405,22.68457889215743,71.46369275793717
B02V14F0401,22.637191598583637,71.50128648490798
B02V14F0404,22.618866345614794,71.50924631709994
B02V14F0417,22.63995702775659,71.58750196671946
B02V14F0392,22.678603633971942,71.45213159320157
B02V14F0416,22.632641556434223,71.55061879121983
B02V14F0408,22.663775275339894,71.49235286181717
B02V14F0394,22.609643058599804,71.55044375998544
B02V14F0409,22.658393029786417,71.52686073497031
B02V14F0420,22.631694140646953,71.43092041211979
B04V55F1515,22.15901916745665,71.03949830127445
B04V55F1535,22.158813058226386,71.09620781681488
B04V55F1525,22.124692224396583,71.00078530862358
B04V55F1523,22.088304870063308,71.05295122966943
B04V55F1522,22.16274294752297,71.10548853624681
B04V55F1516,22.0445776307278,71.04612669144089
B04V55F1512,22.195362140137536,71.00090299284261
B04V55F1531,22.07817448499629,71.11543422077361
B04V55F1511,22.104680896693385,70.99071815182344
B04V55F1513,22.087894084104068,71.0587336518331
B04V55F1526,22.072143116027217,71.0716602979992
B04V55F1510,22.073088827802717,70.98643000006436
B04V55F1529,22.172464345079902,71.01878352604182
B04V55F1532,22.10099253872891,71.0524026672772
B04V55F1520,22.135348241865415,71.0193376556181
B04V55F1518,22.09806369019706,70.99850254853061
B04V55F1530,22.07592657890943,71.12809022674878
B04V55F1534,22.15908775377863,71.0709796137458
B04V55F1524,22.13719630367343,71.01325787357862
B04V55F1528,22.118257408842357,71.1143656045759
B04V55F1517,22.156572927833718,71.00681888506772
B04V55F1533,22.148025740765306,71.00013080081705
B04V55F1527,22.201071540576994,71.06482912158845
B04V55F1536,22.15646095355426,71.0541264982331
B02V22F0663,22.741860288843466,71.5236636985089
B02V22F0676,22.67058835559928,71.50609341087674
B02V22F0672,22.63595424545008,71.41587795001746
B02V22F0666,22.67388928511903,71.47624744572688
B02V22F0678,22.686877498179218,71.5689850081786
B02V22F0683,22.7092093873725,71.50181065869481
B02V22F0658,22.745795681961045,71.466819708672
B02V22F0654,22.66379502535432,71.40968831666612
B02V22F0652,22.705560575667942,71.51592101209143
B02V22F0673,22.629306051733618,71.42885323684855
B02V22F0665,22.617874523031013,71.4402686755937
B02V22F0682,22.680569761144888,71.48553103308844
B02V22F0664,22.743938336216154,71.41738316403179
B02V22F0656,22.725192718827245,71.47252761308165
B02V22F0677,22.698486508033305,71.4765235588778
B02V22F0674,22.70086274351435,71.45771140434678
B02V22F0680,22.675235062681033,71.49842987680414
B02V22F0667,22.66101006632353,71.56146914541202
B04V43F1233,22.150613813619184,71.01685132880229
B04V43F1221,22.1435112438541,71.05773839262493
B04V43F1224,22.231663648625325,70.96188196952724
B04V43F1223,22.204621955805337,71.03596076006484
B04V43F1234,22.17798736261214,71.03198814375357
B04V43F1225,22.183205685474146,71.01675936212949
B04V43F1240,22.165430892387317,70.97265689700137
B04V43F1248,22.20370879490877,71.0137823875838
B04V43F1227,22.171936764052717,70.9895721270713
B04V43F1237,22.171096402235637,71.04922885893666
B04V43F1230,22.17431477815608,71.06315017135651
B04V43F1238,22.225317475770805,71.06750265684818
B04V43F1243,22.203377538440947,70.96753371503314
B04V43F1231,22.22732847381581,71.10432382296217
B04V43F1239,22.12386074511933,71.0203362538466
B01V03F0070,22.43940326390552,71.57738091057031
B01V03F0077,22.41077463036444,71.53893979662166
B01V03F0084,22.469200978754312,71.55185418368512
B01V03F0076,22.450676814016706,71.57452378178775
B01V03F0094,22.4142632922596,71.6501061490794
B01V03F0065,22.514576065349058,71.51793481954444
B01V03F0072,22.444452510232686,71.55138927155565
B01V03F0080,22.452451230791933,71.55317481163009
B01V03F0087,22.496615461164936,71.51227263787429
B01V03F0082,22.413251165053467,71.58015946411233
B01V03F0091,22.475839869694564,71.54745400080112
B01V03F0092,22.442771758153654,71.56417195027517
B01V03F0081,22.393113805557952,71.51607584204791
B01V03F0066,22.40770864696728,71.50050069035647
B01V03F0083,22.499558760587924,71.5138900324519
B01V03F0074,22.5097447868113,71.52920818449826
B01V03F0069,22.442745116560285,71.59612608824065
B01V03F0096,22.42998267925639,71.46804223962914
B01V03F0073,22.5259412072032,71.60826640120294
B01V03F0068,22.494238590017922,71.57293921550081
B01V03F0090,22.50016572038056,71.62994917394248
B01V03F0088,22.422662614628457,71.52375207539836
B01V03F0089,22.448230831984198,71.57773715643333
B01V03F0079,22.42073874691926,71.53532185090813
B01V03F0086,22.50657665707652,71.56399469920599
B01V03F0071,22.509655987471476,71.56296173893898
B02V20F0619,22.705690910747325,71.43862115969705
B02V20F0599,22.753071191771426,71.54664336572458
B02V20F0608,22.66055264461906,71.4811087974687
B02V20F0607,22.681685207253548,71.43581145399287
B02V20F0600,22.660905589839956,71.5715667147557
B02V20F0621,22.66383109819692,71.44072526323527
B02V20F0620,22.59577527536214,71.5357957105481
B02V20F0605,22.702776884414003,71.46821510187362
B02V20F0611,22.687484195754198,71.54205688584892
B02V20F0606,22.6519509529358,71.5045297075082
B02V20F0616,22.65717675274269,71.45320040985835
B02V20F0610,22.652248210894143,71.4900335591157
B02V20F0596,22.73287351852917,71.47491898385701
B02V20F0618,22.698712519437834,71.5605496752827
B02V20F0609,22.68145573889161,71.42115174118729
B02V20F0593,22.682054188155767,71.52492491430455
B02V20F0594,22.66277447219962,71.41579471477002
B02V20F0598,22.597771839846896,71.51738935869909
B02V20F0612,22.676094927905375,71.56524064430789
B02V20F0614,22.624987565283224,71.48521652679662
B02V20F0615,22.694119206049535,71.46925736677073
B02V20F0602,22.657647667671593,71.43348492695293
B01V11F0329,22.532624779032922,71.84014150069626
B01V11F0325,22.509041116434265,71.72883904933565
B01V11F0300,22.532204354147574,71.87076022160164
B01V11F0321,22.499968544336767,71.73569945715546
B01V11F0318,22.46005208228369,71.89999537663029
B01V11F0314,22.455659705042596,71.74784687580338
B01V11F0326,22.435629957246586,71.80357115085657
B01V11F0310,22.464005302223512,71.8266832713822
B01V11F0323,22.501704703777992,71.78184445684528
B01V11F0309,22.414987207036553,71.87428152036458
B01V11F0301,22.440806399081946,71.81589214308312
B01V11F0306,22.471144488804864,71.82915951963075
B01V11F0327,22.462349225927646,71.70981953720755
B01V11F0332,22.46692634520254,71.82024530372277
B01V11F0304,22.44399276759751,71.82587511334616
B01V11F0307,22.43678803243452,71.8669445023469
B01V11F0302,22.509559325788583,71.80755522540163
B01V11F0305,22.420823536989335,71.81341114256142
B01V11F0319,22.404560322579023,71.76898866214705
B01V11F0299,22.416792610246983,71.81279498754499
B01V11F0308,22.435517782226192,71.74184102245822
B02V19F0591,22.735728895915692,71.30732304240135
B02V19F0590,22.65988662326758,71.43868521726002
B02V19F0587,22.698551716160864,71.32779538958093
B02V19F0592,22.700989721511068,71.33264536969989
B02V19F0571,22.6800030153573,71.28416897747292
B02V19F0589,22.652505722486953,71.3803190328572
B02V19F0588,22.708957798854016,71.37513347968674
B02V19F0582,22.6920075890131,71.32182897212057
B02V19F0564,22.65891520610732,71.37933912448614
B02V19F0568,22.648975637794955,71.34090299861316
B02V19F0566,22.699121386286123,71.34015700749205
B02V19F0583,22.68779932570526,71.37535862298998
B02V19F0572,22.63447571971638,71.41988903061134
B02V19F0585,22.672352043891824,71.26331068222234
B02V19F0576,22.648169715469322,71.39375105463637
B02V19F0570,22.72351811011539,71.44403371724289
B02V19F0577,22.629192186049305,71.33260172951023
B02V19F0584,22.71571129230497,71.30181159650301
B02V19F0580,22.65699066339509,71.34638239923524
B04V50F1405,22.1681059119996,71.0629765609001
B04V50F1411,22.233987882770553,71.17982781387127
B04V50F1409,22.11229588750122,71.13330883565338
B04V50F1413,22.1019973548588,71.09465611719075
B04V50F1404,22.225173126497655,71.1247414009247
B04V50F1397,22.196534436198732,71.19772190756302
B04V50F1398,22.144333517879517,71.18180594374776
B04V50F1408,22.124899499458248,71.08771282173996
B04V50F1415,22.157886980792917,71.15825957205364
B04V50F1400,22.107057167836068,71.13652360253141
B04V50F1414,22.15201364840788,71.14495632780809
B04V50F1412,22.1878981388652,71.09040702615486
B04V50F1399,22.115305841706792,71.10206681017009
B04V50F1416,22.20917127838013,71.15010157082777
B04V50F1402,22.181507145887103,71.04938493250856
B04V50F1401,22.125885543375713,71.13038706176012
B04V50F1406,22.13261458782568,71.09961402690367
B04V50F1403,22.104068074526996,71.1901081910516
B05V60F1655,22.84605250061788,70.7723934598956
B05V60F1658,22.88420852414209,70.67529063697806
B05V60F1664,22.87058206370261,70.71404635797744
B05V60F1666,22.881809221853377,70.6680128575466
B05V60F1672,22.86042444083383,70.70333982223353
B05V60F1680,22.928002930097175,70.69719979576695
B05V60F1662,22.85865933772252,70.71999840436537
B05V60F1685,22.792967419133358,70.76379992524946
B05V60F1676,22.880795439702222,70.70090191756208
B05V60F1679,22.854263398045802,70.70039285707527
B05V60F1686,22.84299951397805,70.73902331377349
B05V60F1675,22.87213705011903,70.72107715620578
B05V60F1663,22.91525225807266,70.70830196708896
B05V60F1684,22.86792032805908,70.69738139481798
B05V60F1668,22.80032536829061,70.68756301496313
B05V60F1678,22.813955443788686,70.70529399189975
B05V60F1659,22.88547923663649,70.72488267704057
B05V60F1674,22.845961691447418,70.6431579122119
B05V60F1665,22.874664810517835,70.73438473585578
B05V60F1661,22.7781459806997,70.69019538087618
B01V02F0044,22.521537426714513,71.87099113038751
B01V02F0061,22.497055552810213,71.79198116405531
B01V02F0062,22.51052539178693,71.78389570773084
B01V02F0040,22.483637116313748,71.72713378195994
B01V02F0063,22.50462549017656,71.76722496644072
B01V02F0039,22.51788028330362,71.78175035690599
B01V02F0064,22.5098993810156,71.77650739805107
B01V02F0057,22.516639626962686,71.81971046570317
B01V02F0041,22.519632850335466,71.81421339246047
B04V51F1435,22.219835011107115,71.03138398103276
B04V51F1419,22.310580545233258,71.06385670127776
B04V51F1425,22.226948692407422,71.03332779169403
B04V51F1432,22.26970827771721,71.14213831165671
B04V51F1417,22.196619221666534,71.08793654766278
B04V51F1434,22.28296988657106,71.07507969498396
B04V51F1436,22.201322984526666,71.1405749659023
B04V51F1433,22.273684803296796,71.04235643338855
B04V51F1426,22.237150529259395,71.11349228604809
B04V51F1423,22.30556545794884,71.1153963250922
B04V51F1431,22.2419912730523,71.0522745515377
B04V51F1427,22.232116303452454,71.04733153387751
B04V51F1421,22.229020280361986,71.08753497533442
B04V51F1422,22.214185295072156,71.12156112158232
B04V51F1430,22.225724071270157,71.0904780773808
B04V51F1429,22.30439933832163,71.01962571362738
B04V51F1424,22.225217137862877,71.0095074315767
B05V62F1733,22.90721309907193,70.69843132019649
B05V62F1728,22.875846519572356,70.63753881520056
B05V62F1713,22.895475689400442,70.70279101256064
B05V62F1739,22.848327455499533,70.7133000561028
B05V62F1725,22.92037932604238,70.71178353005226
B05V62F1732,22.919574804899426,70.7668922319314
B05V62F1729,22.915591548531733,70.64344969949202
B05V62F1745,22.944706128000973,70.67707246423294
B05V62F1715,22.885885043125956,70.73851913580681
B05V62F1744,22.968266882689537,70.69588448688852
B05V62F1719,22.983979675629328,70.72273707036011
B05V62F1716,22.996526865263153,70.66415173526657
B05V62F1738,22.866782733523994,70.73455056784763
B05V62F1723,22.95878358968239,70.70403242411811
B05V62F1727,22.89207474733947,70.63030763702066
B05V62F1734,22.8669076408005,70.76611270972727
B05V62F1721,22.959972494593572,70.72286975433886
B05V62F1718,22.91798889547657,70.71724987030025
B05V66F1853,22.930847071277654,70.69129238805375
B05V66F1852,22.912233724695607,70.78751379512347
B05V66F1829,22.95729648415156,70.80003134222076
B05V66F1835,22.93974230300635,70.76441307201706
B05V66F1845,22.86575823749548,70.7288563221786
B05V66F1844,22.91734757740856,70.7551380035718
B05V66F1839,22.840160742130266,70.73486431086447
B05V66F1851,22.914774083871286,70.74704336607782
B05V66F1849,22.939588796203243,70.64827978412988
B04V46F1320,22.09811739290649,71.1424261083943
B04V46F1323,22.168661459693443,71.14996429714219
B04V46F1311,22.145533018137368,71.08893119850825
B04V46F1327,22.205530369107226,71.17743934331075
B04V46F1324,22.15593688320039,71.07484738495148
B04V46F1314,22.09683865537409,71.16052293048331
B04V46F1310,22.166722026368337,71.09664731859911
B04V46F1316,22.152559563720192,71.18247593812475
B04V46F1328,22.224938002966432,71.09179910228144
B04V46F1322,22.17960113896807,71.11350370002307
B04V46F1313,22.220555859131185,71.12276867688341
B04V46F1317,22.219036838751155,71.10554098932862
B04V46F1332,22.22691102641013,71.10914640467838
B04V46F1319,22.165047616658555,71.13260726284342
B04V46F1312,22.12178805147699,71.06298632683793
B04V46F1330,22.18432886594026,71.09458004712
B04V46F1333,22.18961210490313,71.08163927213819
B06V70F1972,22.878469174772974,71.26707415779127
B06V70F1955,22.953777932640733,71.23620208304419
B06V70F1980,22.867762899162283,71.29064034708934
B06V70F1953,22.967096140329357,71.24812044278178
B06V70F1962,22.918744235400986,71.33861504889268
B06V70F1966,22.88418556865521,71.2347737103766
B06V70F1958,22.87300295741124,71.30013194081837
B06V70F1965,22.992810803381506,71.21641682164763
B06V70F1957,22.900364935998454,71.29347400744783
B06V70F1971,22.921609192453204,71.2912263977979
B06V70F1979,22.898347527796233,71.28731033784655
B06V70F1961,23.009379491215956,71.26641739013641
B06V70F1954,22.96668797998373,71.23423071214805
B06V70F1974,22.896555370630374,71.2185737530063
B06V70F1968,22.893825277202186,71.20063422275123
B06V70F1978,22.999866822147965,71.25511859024405
B01V10F0280,22.409297889187314,71.62499612718085
B01V10F0295,22.378374952848358,71.5655237926695
B01V10F0284,22.492066156281204,71.61694578998879
B01V10F0292,22.37626144184059,71.58191588570664
B01V10F0271,22.407638678228764,71.67152537088722
B01V10F0274,22.32675235819153,71.66717840267927
B01V10F0296,22.41169528177874,71.71619519063638
B01V10F0282,22.397620093482065,71.62296619158124
B01V10F0294,22.468831898731136,71.61524588586798
B01V10F0287,22.446301254078673,71.6334559208578
B01V12F0345,22.415149249316972,71.80175009426432
B01V12F0346,22.447843990862154,71.75846927315152
B01V12F0341,22.41118626495112,71.6972268805194
B01V12F0359,22.383613002984028,71.77260451913634
B01V12F0344,22.405885207166417,71.77865627728777
B01V12F0351,22.398724729797422,71.81029426066667
B01V12F0362,22.43000930141329,71.76036682907505
B01V12F0356,22.360525868746116,71.70708611932199
B01V12F0355,22.421276087899844,71.83181645533367
B01V12F0365,22.38064206926656,71.80788430969088
B01V12F0363,22.429410447106306,71.77995971709501
B01V12F0347,22.38592165618532,71.79539629734383
B01V12F0334,22.363343876498206,71.76576719704707
B01V12F0335,22.457192457832047,71.69364597424627
B01V12F0348,22.399244937154222,71.73933327587714
B01V12F0353,22.47064050144423,71.7623196300676
B01V12F0340,22.40555788287518,71.8547417739903
B01V12F0349,22.417496570453824,71.78545756429395
B03V28F0828,22.265206157913543,71.30502883626201
B03V28F0852,22.254974814691984,71.33069697136986
B03V28F0835,22.20491015946523,71.3382497978715
B03V28F0842,22.256718730535564,71.3170463109407
B03V28F0848,22.322041635370297,71.32303522825671
B03V28F0853,22.244949780077174,71.372136111244
B03V28F0830,22.251384838425633,71.2934105328332
B03V28F0834,22.25206477496308,71.31895208360761
B03V28F0850,22.2009231536559,71.36423441714851
B03V28F0844,22.229650019616436,71.31181886786841
B03V28F0845,22.212064175970347,71.29557643085224
B03V28F0839,22.245045708658143,71.21324725270252
B03V28F0841,22.233545736262794,71.2664605739506
B03V28F0833,22.275306221375846,71.30671354023566
B03V28F0831,22.20797703336176,71.32024298713209
B03V28F0843,22.233314919836694,71.29524241072201
B03V28F0838,22.17381374670335,71.34023417519853
B03V28F0846,22.187353993427582,71.29425805908306
B05V65F1803,22.883540685990745,70.80846161375418
B05V65F1828,22.91649611080889,70.72087321817173
B05V65F1827,22.859853256334993,70.79921347204485
B05V65F1819,22.91782791664559,70.72442510098381
B05V65F1821,22.825242337236983,70.68088498145389
B05V65F1822,22.95673091789137,70.71305367956857
B05V65F1824,22.927940218931866,70.77897610220352
B05V65F1809,22.825020744248885,70.70288139174141
B05V65F1825,22.895030399421863,70.76708731043608
B05V65F1813,22.888787211004797,70.80326307453676
B05V65F1826,22.95899256001996,70.79645688841835
B05V65F1816,22.88714531045403,70.80647898833405
B05V65F1802,22.84832932110736,70.75610491586986
B03V27F0819,22.252441048915788,71.34958919241669
B03V27F0808,22.234949132705076,71.31432094332723
B03V27F0818,22.228192013622525,71.38776732248479
B03V27F0807,22.220795989618775,71.4034040719169
B03V27F0803,22.25062530052722,71.30476503999205
B03V27F0802,22.247690246294866,71.26514969254396
B03V27F0822,22.199160051670557,71.29173705614824
B03V27F0810,22.19361465762858,71.29098235090888
B03V27F0806,22.20453758418744,71.28116975772372
B03V27F0823,22.242786913923947,71.357338286665
B03V27F0824,22.217830935008983,71.40184646272931
B03V27F0798,22.210006726138374,71.3512031320894
B03V27F0801,22.208380150666706,71.3346406854052
B03V27F0809,22.283494987199532,71.319015272011
B03V27F0817,22.264801683007153,71.39129157396015
B03V27F0800,22.273243704083573,71.25403765568691
B03V27F0804,22.234447753312676,71.30786119756779
B03V27F0820,22.23245729228204,71.40476652609667
B02V21F0624,22.598608476072823,71.5010596486357
B02V21F0635,22.599124408971164,71.38239535367596
B02V21F0648,22.578256726715722,71.41101306780777
B02V21F0645,22.59438251242265,71.38904438521448
B02V21F0634,22.599089034046237,71.41495614493091
B02V21F0641,22.55436763079661,71.43421320317844
B02V21F0632,22.512561446908602,71.46644627320596
B02V21F0650,22.63099180736821,71.40324148237961
B02V21F0626,22.61538102503778,71.44194170462929
B02V21F0633,22.646249471636857,71.44184148611596
B02V21F0639,22.62143663359168,71.48565320624137
B02V21F0646,22.660616332800167,71.4240250389407
B02V21F0649,22.58701773624893,71.4188718837213
B02V21F0636,22.58019555341229,71.46116216902948
B02V21F0644,22.601680734992204,71.52202899479
B02V21F0631,22.58130206414858,71.45674284762407
B02V21F0643,22.551390111402238,71.40752416975103
B02V21F0642,22.62462059985631,71.35023700764775
B02V21F0651,22.607190706081877,71.38234835489736
B02V21F0629,22.598753513838492,71.34370156388857
B02V21F0623,22.583906310567137,71.4474966183587
B02V21F0628,22.60479970458644,71.37377328389103
B02V21F0630,22.581602658023694,71.40956059313363
B02V21F0647,22.578113655540715,71.42951189828128
B01V04F0105,22.482335174621824,71.52297638291513
B01V04F0119,22.550606480369517,71.63644850217385
B01V04F0097,22.52619009179876,71.56653084360876
B01V04F0101,22.54829980277981,71.5841859212885
B01V04F0102,22.466996789605144,71.62349121481617
B01V04F0118,22.534226139934905,71.60432806343101
B01V04F0117,22.491961761982907,71.57925195620983
B01V04F0104,22.52550073252236,71.53384078036437
B01V04F0121,22.58868097588714,71.6431479273549
B01V04F0112,22.47702679613051,71.58051201428053
B01V04F0100,22.46443234065878,71.64858146977333
B01V04F0122,22.554777294845906,71.56554568581592
B01V04F0113,22.494393447771703,71.60607943115943
B01V04F0120,22.501204918415322,71.57455108616459
B01V04F0103,22.53099442821236,71.60116802080283
B01V04F0108,22.466527957665594,71.5599332247303
B01V06F0161,22.46675215942603,71.61817426231535
B01V06F0152,22.537148958485073,71.5971059862525
B01V06F0170,22.550897399256527,71.50143082944015
B01V06F0156,22.568471218098544,71.58248964033872
B01V06F0164,22.550419223383837,71.55522749955861
B01V06F0166,22.555892270647913,71.59644115545741
B01V06F0169,22.575814791526263,71.6548778982395
B01V06F0155,22.53015342983394,71.49195999346881
B01V06F0158,22.51697269783958,71.5645198234467
B01V06F0153,22.501429397679008,71.49735958582755
B01V06F0157,22.499705393102722,71.64801065581686
B01V06F0162,22.488209924713317,71.54357131315304
B01V06F0168,22.516386249443997,71.58530329990182
B06V75F2128,23.05046483441711,71.22391574024559
B06V75F2133,23.0173910229712,71.11699928447416
B06V75F2147,23.016537352586088,71.17868960470328
B06V75F2123,23.040868297862747,71.13165941655612
B06V75F2135,22.991882694851704,71.16614576812746
B06V75F2125,23.005414149200284,71.14190600310992
B06V75F2143,23.011482099276364,71.20394921115148
B06V75F2136,23.04025409345828,71.20320490851164
B06V75F2130,23.060836111150067,71.22421871202172
B06V75F2131,23.1206565976322,71.11953293319448
B06V75F2129,23.028184656727458,71.12566546875281
B06V75F2132,23.034993368485562,71.16274117563464
B06V75F2142,23.1145256615573,71.21033893726828
B06V75F2121,23.08845480323162,71.21746484404581
B06V75F2139,23.05132282976393,71.17325116476322
B06V75F2146,23.056369661358946,71.20368628004553
B06V75F2127,23.084355903443218,71.12094060188528
B06V75F2144,23.038588620739382,71.15789369714558
B06V75F2137,23.11111254388746,71.2031111938388
B06V75F2141,22.978386502111437,71.14594255289953
B06V75F2140,23.103511556814997,71.1044137332778
B06V75F2126,22.99594156564771,71.15571042558852
B06V75F2145,23.0509376992043,71.18179294231672
B03V31F0918,22.228431459095056,71.39282367397946
B03V31F0917,22.22572218246401,71.39060932750529
B03V31F0910,22.249319402382344,71.45195753055032
B03V31F0924,22.24560681981505,71.37515916576464
B03V31F0934,22.2489379288261,71.40192927158834
B03V31F0915,22.22136758675188,71.37723389755787
B03V31F0909,22.269666625634013,71.41317804246324
B03V31F0916,22.22456579663384,71.39342671060123
B03V31F0935,22.180448939954864,71.46725266028652
B03V31F0919,22.229204157385258,71.40420428059777
B03V31F0920,22.183410119215548,71.3722629256669
B03V31F0933,22.217862022341382,71.36983456453393
B03V31F0925,22.279528986836617,71.4060209722067
B03V31F0923,22.188202844815414,71.44206906296564
B03V31F0913,22.171453348494897,71.46458561790838
B03V31F0940,22.21681324665401,71.4044739466167
B03V31F0928,22.18633625476288,71.46197814751291
B03V31F0921,22.233557241650036,71.40288892595021
B03V31F0938,22.17821963901231,71.4090230552076
B03V31F0930,22.20517108059945,71.34785593087754
B03V31F0941,22.256024225854322,71.39900442471387
B03V31F0911,22.18395661871541,71.46411022329933
B03V31F0929,22.22557129750898,71.40522092922474
B03V31F0926,22.259394667688216,71.40739773983567
B03V31F0927,22.260399223041226,71.44361361278781
B03V31F0932,22.306404121920792,71.45199004808111
B03V31F0939,22.272023671329844,71.36794480263823
B03V31F0937,22.28041312823095,71.36941452788932
B04V53F1458,22.188474400021363,70.9591265044327
B04V53F1473,22.188063822238203,71.01992879572222
B04V53F1461,22.07728191380243,71.03222890615629
B04V53F1468,22.130999164777972,71.0947011956053
B04V53F1474,22.168068712200256,71.11210229361478
B04V53F1470,22.206159126364433,71.02597820171158
B04V53F1476,22.147346151917127,71.06223279024242
B04V53F1464,22.17766464830375,70.99464384065546
B04V53F1459,22.136944306743516,71.05923675671212
B04V53F1480,22.202860580153665,70.96740219844125
B04V53F1472,22.10951589858933,70.94662330148705
B04V53F1483,22.117711875734873,71.10662645324541
B04V53F1467,22.130359206221375,71.05877665122927
B04V53F1478,22.075806390519116,71.06039018485502
B04V53F1460,22.193797533339335,71.08854813258698
B04V53F1471,22.124776578905426,71.11773231332455
B04V53F1475,22.168547973982008,71.0448687705764
B02V25F0730,22.66385003760658,71.6708703722245
B02V25F0747,22.67680206223473,71.5842707627433
B02V25F0757,22.71658978672091,71.53445871034037
B02V25F0746,22.670324366469234,71.59108312041437
B02V25F0743,22.665566485196823,71.59930899449003
B02V25F0761,22.634600098400945,71.61995535334357
B02V25F0741,22.666730049751095,71.58693012508836
B02V25F0760,22.63729830900647,71.50404690327468
B02V25F0753,22.720596463945192,71.5229275812607
B02V25F0763,22.692842650385582,71.50314717534243
B02V25F0748,22.713682927325536,71.58595632268353
B02V25F0737,22.72082590154706,71.55227472349728
B02V25F0744,22.681151706124236,71.57816147216256
B02V25F0758,22.660853204988054,71.5692095429961
B02V25F0754,22.63774750460017,71.62455114576706
B02V25F0759,22.68176563264018,71.5776849474666
B02V25F0735,22.661230982635274,71.66783895424048
B02V25F0734,22.599436546287563,71.57161111776777
B02V25F0740,22.680794263715615,71.5621570367633
B02V25F0756,22.67921963975129,71.61285497786918
B02V25F0762,22.697980137879657,71.53290337634658
B02V25F0739,22.685935114973443,71.59607549137527
B02V25F0751,22.668610843088757,71.6211762135052
B02V25F0733,22.74627659512683,71.61436210930941
B02V25F0742,22.75339706419927,71.57594576865297
B02V25F0732,22.676578162763434,71.5458916751931
B06V79F2276,22.952754795089444,71.06145002981673
B06V79F2253,22.952096883204337,71.12989190267727
B06V79F2247,22.991318712456355,71.1631347103428
B06V79F2245,23.021250155652712,71.17747777833391
B06V79F2260,23.028113890298286,71.1734641122039
B06V79F2257,23.08816195645309,71.11020609959918
B06V79F2261,23.0190063856452,71.18136605271577
B06V79F2270,23.06699682899431,71.18566918693726
B06V79F2268,23.06696060963723,71.11271170885222
B06V79F2246,23.052049663973765,71.19074414506994
B06V79F2264,22.988880343977694,71.12241392633241
B06V79F2269,23.03238476544951,71.15924114724429
B06V79F2274,22.937144932053886,71.1723715087543
B06V79F2275,22.95801832509343,71.12936086336207
B06V79F2265,23.016089456884636,71.08454040917552
B06V79F2251,23.019665998284985,71.1079057912528
B06V79F2262,23.031017538680384,71.07505849183073
B06V79F2278,23.014279931331107,71.1043182905778
B06V79F2256,22.99081873097106,71.08440992178855
B06V79F2254,23.021906750062065,71.12248534962482
B06V79F2266,23.01711166712856,71.13470106977334
B06V79F2271,23.03845209121216,71.1640944307976
B06V79F2255,23.028520992181512,71.07491974864622
B01V13F0384,22.47315888059868,71.7130033583102
B01V13F0390,22.388669811476362,71.6775498004124
B01V13F0377,22.358135105051712,71.76930844313308
B01V13F0372,22.480223988874727,71.73653131973603
B01V13F0386,22.40948232165727,71.64078279078383
B01V13F0385,22.4412795431555,71.71025032408109
B01V13F0370,22.441349455577775,71.69629817177696
B01V13F0383,22.46889594477708,71.70039885322733
B01V13F0389,22.4338871769389,71.78982871578262
B01V13F0381,22.449731264311644,71.76281851261565
B04V49F1377,22.15937558391791,71.21434969264618
B04V49F1390,22.09506504068107,71.28790893398114
B04V49F1380,22.111351653411162,71.20947170430098
B04V49F1384,22.128528713185844,71.1763567674402
B04V49F1379,22.101319859275442,71.26807882806764
B04V49F1383,22.075402425911047,71.1977217250823
B04V49F1392,22.147486624590638,71.1815618370961
B04V49F1389,22.155069776075294,71.18512539973297
B04V49F1395,22.11907111491839,71.17090082731667
B06V77F2203,23.0205815425951,71.2403614422698
B06V77F2194,23.080446171371033,71.29737709801249
B06V77F2202,23.02645738736441,71.30184820596071
B06V77F2199,22.953739652852196,71.27926009105128
B06V77F2183,22.95359665577588,71.2819782139279
B06V77F2200,23.10029921500478,71.27235260392973
B06V77F2195,22.975606543629453,71.27435029109424
B06V77F2204,23.02316540709981,71.35933635852717
B06V77F2213,23.02124327868287,71.22558012530158
B06V77F2205,22.931917572183384,71.25448241227606
B06V77F2196,22.98719049144678,71.34932246357397
B06V77F2193,23.022905650730195,71.27208139312158
B05V57F1571,22.720576319423756,70.56136787367264
B05V57F1585,22.833783392058955,70.67284398115643
B05V57F1597,22.77105171725699,70.60146454439902
B05V57F1587,22.840777824151832,70.67021874832976
B05V57F1595,22.694813824480153,70.63890904142575
B05V57F1573,22.81167421465775,70.70714132903706
B05V57F1584,22.802275158641653,70.56523518004651
B05V57F1591,22.741399741342146,70.65407404452849
B05V57F1580,22.772047891936896,70.63396833922233
B05V57F1593,22.703006186232102,70.57185416210358
B05V57F1579,22.74572373664171,70.58086998172239
B05V57F1582,22.74678283507481,70.68781157807973
B05V57F1588,22.76016633357388,70.60873371548635
B05V57F1577,22.785954201493986,70.6003058232908
B05V57F1574,22.738190900425547,70.64646731236307
B04V54F1490,22.201448320092066,71.28098211859101
B04V54F1508,22.124129217503707,71.22978318995759
B04V54F1487,22.170598617955587,71.17685446418484
B04V54F1502,22.192233991752158,71.30607753003682
B04V54F1488,22.123538317115784,71.21625483965862
B04V54F1501,22.16472176347753,71.27588097744984
B04V54F1504,22.160838013816235,71.29143780421944
B04V54F1494,22.144360949340633,71.17414922806628
B04V54F1509,22.149649190642062,71.25629757974129
B04V54F1503,22.157264201388987,71.23762375696856
B04V54F1500,22.08438128525211,71.21491681448109
B04V54F1491,22.094987557140325,71.23957221912805
B04V54F1507,22.17080354081933,71.23582686552382
B04V54F1492,22.171632448516867,71.19381948535326
B04V54F1505,22.205458120982843,71.23323853318477
B04V54F1495,22.13651973504324,71.30495472733388
B04V54F1489,22.16849016484211,71.23040442618851
B04V54F1506,22.200339498239625,71.25270955312509
B04V54F1496,22.16658108099861,71.25844734713023
B03V35F1024,22.198462391695838,71.36602174581674
B03V35F1030,22.14627137941181,71.38521322351026
B03V35F1037,22.182359008472947,71.3919376929215
B03V35F1032,22.209241573638266,71.36265072486098
B03V35F1036,22.17900076680024,71.41036384033012
B03V35F1026,22.144686176126314,71.3816303047117
B03V35F1025,22.214877388947667,71.43045496046942
B03V35F1033,22.12269890035375,71.37117810952432
B03V35F1023,22.207278394756102,71.48092082008252
B03V35F1034,22.220748491464963,71.45688588994668
B03V35F1028,22.15837594272476,71.49757582975677
B03V35F1041,22.199791354810753,71.45785016200752
B03V35F1035,22.20888527227203,71.41427223791153
B03V35F1040,22.184490091595116,71.41875503868758
B03V35F1029,22.23760785306585,71.37790718408793
B03V35F1021,22.186036627800835,71.39830892460681
B03V35F1031,22.12722982800317,71.46139019651032
B03V35F1038,22.159793093919056,71.36993679933762
B04V45F1301,22.164357659141572,71.16766451841407
B04V45F1290,22.133512973924795,71.16257492527787
B04V45F1294,22.114316092702115,71.07272636416677
B04V45F1277,22.084919417823514,71.06389492364869
B04V45F1276,22.120443803377302,71.11572273286698
B04V45F1278,22.079670518520643,71.07340910433858
B04V45F1289,22.13176963507192,71.15186672031676
B04V45F1303,22.12376509332326,71.140464089527
B04V45F1291,22.099998211067177,71.08659686943408
B04V45F1299,22.109713499808972,71.12099466350219
B04V45F1300,22.044939888259634,71.09017570479249
B04V45F1298,22.2051217098867,71.06123623898279
B04V45F1287,22.192066804528956,71.06282727056146
B04V45F1293,22.07061189962895,71.10270311878075
B04V45F1281,22.099995245507046,71.08125921782263
B04V45F1292,22.117756814216392,71.01412431237814
B04V45F1295,22.09502547923152,71.06111206008849
B04V45F1296,22.1716693896666,71.02101774190957
B04V45F1275,22.104445208999607,71.04000611885958
B04V45F1284,22.151936693757552,71.0203806286129
B03V34F1001,22.33213476641591,71.37445014529159
B03V34F1013,22.28881891719196,71.43753621751702
B03V34F0990,22.28625028909612,71.42376011843187
B03V34F0991,22.268367386542167,71.40799242692343
B03V34F0998,22.2753705205747,71.44037717750655
B03V34F1011,22.33333279224019,71.4626971200442
B03V34F0993,22.22731132949969,71.42937738731754
B03V34F1012,22.26771594240651,71.44599358023663
B03V34F1002,22.307399796053247,71.4634901857826
B03V34F0994,22.288498070709526,71.44783999752602
B03V34F1005,22.18725829019441,71.42222783609341
B03V34F1015,22.333578752771892,71.42500592761358
B03V34F1016,22.26949267441677,71.44529520461819
B03V34F1010,22.314440477345247,71.42561521478864
B03V34F0996,22.20985437565189,71.36551586662867
B03V34F0992,22.264145641066513,71.41104451904287
B03V34F1017,22.281942128519706,71.44092754082322
B03V34F1008,22.21556195028363,71.44465040912422
B03V34F0997,22.327269350012084,71.4910932616048
B03V34F1009,22.30800325151513,71.4108533210909
B03V34F1006,22.270437889028635,71.33618520987847
B03V34F0995,22.32260926044221,71.37244453211802
B03V34F0999,22.20541113264404,71.42653147060088
B05V68F1915,22.71905787969472,70.72336144762342
B05V68F1897,22.721331927900696,70.59786108862558
B05V68F1904,22.684309632941787,70.63624826924958
B05V68F1892,22.695882926087332,70.72907762334525
B05V68F1900,22.752376709741753,70.64421417058647
B05V68F1896,22.690617071312694,70.68029168121667
B05V68F1916,22.731024238021657,70.75390246012878
B05V68F1910,22.769766924913547,70.63065796048012
B05V68F1919,22.7077083664194,70.66746666405382
B05V68F1905,22.79587037080843,70.66403465062197
B05V68F1891,22.741836154729594,70.6752142132026
B05V68F1895,22.720162937078104,70.67560856356884
B05V68F1912,22.693674308963537,70.56755915654098
B05V68F1922,22.676550662419007,70.64320255420014
B05V68F1893,22.718644983765717,70.61815169703522
B05V68F1898,22.706931115646217,70.69531536541722
B05V68F1921,22.77678021831709,70.69909624753686
B05V68F1911,22.705346521678297,70.65824579164705
B05V68F1907,22.688669089948093,70.64949840568883
B05V68F1923,22.77013369948647,70.67885239289144
B05V68F1925,22.717854781223245,70.62050891908666
B05V68F1914,22.689796061199246,70.67521950423692
B05V68F1918,22.75058659649643,70.68223918570543
B06V78F2217,23.03766542175839,71.28802176506785
B06V78F2220,23.14867672920241,71.35286745621342
B06V78F2241,23.12362942372652,71.32364106266108
B06V78F2240,23.052945372852108,71.32524698342415
B06V78F2218,23.135527803049534,71.25473042417707
B06V78F2234,23.15474689040278,71.32316835116322
B06V78F2221,23.117013441049117,71.3356974474011
B06V78F2227,23.132338382579274,71.29017089063095
B06V78F2224,23.135259177378906,71.40040337870651
B06V78F2230,23.137273275011058,71.2835315290504
B06V78F2231,23.113969282732423,71.26408260472009
B04V52F1443,22.254440264956035,71.05938208482931
B04V52F1448,22.260084206008937,71.12162139888409
B04V52F1451,22.222857965790705,71.14305955258264
B04V52F1446,22.265844800763457,71.05213572636319
B04V52F1453,22.27768186059211,71.09470576364885
B04V52F1440,22.213326544140134,71.12980125662395
B04V52F1437,22.2571685415003,71.03998217437885
B04V52F1445,22.246335394469824,71.06739219439659
B04V52F1438,22.212977930245,71.07436147819868
B04V52F1447,22.252335351610242,71.07286187287288
B04V52F1449,22.226726296917004,71.08798393165316
B04V52F1442,22.25162427350992,71.0323868232668
B04V52F1455,22.284843794487326,71.1261852715433
B05V61F1690,22.823554483759686,70.71786778249553
B05V61F1704,22.813088142594477,70.66937372108949
B05V61F1711,22.876098065311904,70.66286115671186
B05V61F1706,22.859058776953635,70.72120126097546
B05V61F1705,22.831512422078912,70.73001926543864
B05V61F1712,22.83954999716533,70.6381451497919
B05V61F1708,22.807323440250737,70.62859448144376
B05V61F1689,22.899738219922828,70.67765614168633
B05V61F1698,22.84718393328679,70.68961243569863
B05V61F1709,22.877000592745183,70.70649534706635
B05V61F1702,22.848983132000516,70.64203990496395
B06V71F2002,23.01725232967022,70.97012174272784
B06V71F1990,23.061751884059902,70.9510758848786
B06V71F1998,23.05787394562071,70.98443547134565
B06V71F1986,23.001096603333032,71.00191600743025
B06V71F2013,23.036111420730087,70.90454676940004
B06V71F2006,23.035564982941995,71.03425718456386
B06V71F1997,22.975710146043866,71.01438049780981
B06V71F1987,23.014058365282605,70.99458226625875
B06V71F2010,23.035241950668805,71.01171321426493
B06V71F1985,23.044854209078814,71.06436261748883
B06V71F2000,23.039965002174018,70.93394346015259
B06V71F2001,22.996351886996177,70.96724294805313
B06V71F1994,23.04022263928172,70.89616358523293
B06V71F1993,23.006474802980694,70.95957731219555
B06V71F1999,22.990873981236074,71.06784826061504
B06V71F2012,23.08553269216088,70.95967592768991
B05V63F1752,22.82911175747326,70.73075607916888
B05V63F1768,22.96582828571482,70.74776942873117
B05V63F1756,22.83121668189351,70.72023216919504
B05V63F1751,22.964024615904005,70.6649208176789
B05V63F1757,22.877095645362445,70.67019740454234
B05V63F1767,22.953446044816513,70.65506016906505
B05V63F1770,22.90524227001261,70.74087980758867
B05V63F1750,22.86972374315657,70.71864150973546
B05V63F1762,22.90482617302455,70.70123066335542
B05V63F1773,22.901228166756713,70.72041958912554
B05V63F1772,22.839039136091884,70.70455436638653
B05V63F1765,22.944189769219005,70.65843463710763
B05V63F1759,22.843559732636916,70.78133947356861
B05V63F1763,22.86081888368172,70.72213795213692
B05V63F1746,22.834343075728125,70.69215840042091
B03V36F1059,22.256372762874147,71.3324230401449
B03V36F1065,22.274424661035546,71.35386014967324
B03V36F1066,22.271658723381616,71.35272736886444
B03V36F1056,22.26940862314795,71.43054854214088
B03V36F1057,22.1691475192754,71.49487206741942
B03V36F1079,22.21263526559959,71.50984938040918
B03V36F1071,22.19465473966361,71.48938205674489
B03V36F1073,22.173489396331107,71.4434911808723
B03V36F1051,22.215654916580156,71.40314681822012
B03V36F1068,22.224856080198165,71.35861944738123
B03V36F1063,22.268255181434963,71.36408048294032
B03V36F1058,22.274420233421285,71.4808005678316
B03V36F1067,22.221731918499337,71.40390320271196
B03V36F1064,22.194806887338192,71.37179252608658
B03V36F1050,22.272234034208328,71.44534609381556
B03V36F1070,22.203167514149182,71.39913955584932
B03V36F1049,22.13974712039595,71.43929329398426
B03V36F1069,22.19687234434749,71.40145568073275
B03V36F1080,22.238499086457942,71.4418407263066
B03V36F1061,22.19720140959142,71.43359482061518
B03V36F1053,22.216302817732885,71.39791362947425
B03V36F1052,22.242782952835306,71.40819415286181
B03V36F1060,22.20659384186977,71.44651489685263
B03V36F1062,22.19745652546215,71.42940794953445
B03V36F1074,22.26099918514131,71.48663583632167
B03V32F0954,22.254858016324807,71.48366602975922
B03V32F0954,22.23278303151745,71.42487169487991
B03V32F0968,22.262408010895495,71.44214133549707
B03V32F0952,22.246646964218844,71.4757043371976
B03V32F0967,22.213127752033774,71.44913060605478
B03V32F0966,22.24794061347488,71.42303751554938
B03V32F0950,22.246313963273806,71.44969335416587
B03V32F0956,22.21350704480663,71.5179134641983
B03V32F0946,22.300649823972112,71.38529825486242
B03V32F0955,22.210451484292264,71.40218394682208
B03V32F0958,22.233855668679613,71.46220571569845
B03V32F0945,22.2655747007819,71.51067998961885
B03V32F0957,22.19661510103287,71.48495637375815
B03V32F0949,22.25134039549852,71.3926817643279
B03V32F0962,22.1785920767502,71.44996814986229
B04V48F1375,22.13109859072686,71.08653408699776
B04V48F1360,22.075608093751068,71.22717783200889
B04V48F1364,22.118811976900687,71.13481956630208
B04V48F1371,22.11089254843017,71.1856136159617
B04V48F1376,22.10552207507636,71.15297775031159
B04V48F1374,22.055506409565023,71.1338179711604
B04V48F1366,22.076069694004772,71.15958438086638
B04V48F1369,22.10199232771438,71.12865195051589
B04V48F1367,22.083136826476387,71.06014330337983
B04V48F1361,22.084563556303486,71.12397247932753
B04V48F1365,22.052536211494886,71.074113357686
B04V48F1362,22.03112814196737,71.11368405772895
B04V48F1356,22.05075075948895,71.12689592947777
B04V48F1370,22.028432925261235,71.13790489695849
B02V26F0778,22.64542801533626,71.44713257442804
B02V26F0776,22.77961373331831,71.4935385376429
B02V26F0784,22.699133701067915,71.4853986653253
B02V26F0772,22.75843429869009,71.4763525016832
B02V26F0771,22.714592686807656,71.50562175624597
B02V26F0795,22.670396806450267,71.47708351120347
B02V26F0787,22.70219468807401,71.49954479046085
B02V26F0764,22.724872529248252,71.49755667861469
B02V26F0766,22.7767573379847,71.43330097534142
B02V26F0791,22.682780565129704,71.40507614900052
B02V26F0794,22.759717616228976,71.48977673870478
B02V26F0789,22.73773807302219,71.56192337805984
B02V26F0779,22.78064840598264,71.47539847450699
B02V26F0767,22.69967518749136,71.50561517349807
B02V26F0796,22.73466754908519,71.4495409760276
B02V26F0792,22.705805948954726,71.47398177455551
B02V26F0788,22.771923698427184,71.49817482756957
B02V26F0793,22.73656155036467,71.49828187155549
B02V26F0775,22.667837644269035,71.4247388409042
B02V26F0769,22.693281143288793,71.5539249209853
B02V26F0768,22.706312060952353,71.43690474435768
B02V26F0774,22.698174925277765,71.47844121102864
B02V26F0765,22.79358785224331,71.4160641929858
B02V26F0782,22.76239793207235,71.39708622434183
B01V09F0241,22.45717601508509,71.66935279421466
B01V09F0262,22.410279867292456,71.70810571599844
B01V09F0254,22.353148527746235,71.66225113723249
B01V09F0247,22.418301804711536,71.63090335882043
B01V09F0245,22.45519609823858,71.68381921459142
B01V09F0260,22.477008673646896,71.72149740822411
B01V09F0257,22.376321157450977,71.65329132768595
B01V09F0268,22.387284474927796,71.67853197290808
B01V09F0248,22.423575256291613,71.66406904339802
B01V09F0239,22.404172289899222,71.69281581328008
B01V09F0255,22.397085399700604,71.68736261296945
B01V09F0242,22.39141380722184,71.68610951243565
B02V16F0493,22.762121972195587,71.2533767509881
B02V16F0482,22.826570907235176,71.2443323351093
B02V16F0497,22.75382732469941,71.31264446494107
B02V16F0480,22.820879277991207,71.26458952256661
B02V16F0475,22.88332828302589,71.32768711213515
B02V16F0484,22.82657585222173,71.23178538130954
B02V16F0471,22.75433985667638,71.31732136934554
B02V16F0491,22.776384352350366,71.36724938029343
B02V16F0467,22.80786576389243,71.27507667860729
B02V16F0489,22.77006061844521,71.29771100090022
B02V16F0472,22.75656502003606,71.25163241409383
B02V16F0490,22.808874390162593,71.30013691343335
B02V16F0487,22.80946862319395,71.32883134357255
B02V16F0474,22.84923617490795,71.2634464636471
B02V16F0468,22.84568135154668,71.2258949617377
B02V16F0478,22.797575689483292,71.35771837492412
B02V16F0488,22.72654489159857,71.31360748646271
B02V16F0495,22.793288304423484,71.26072257666293
B02V16F0492,22.763429744702613,71.21707567007897
B06V72F2029,22.885389552065494,71.1708914896038
B06V72F2036,22.981463247859093,71.16235474296676
B06V72F2033,22.939162997341818,71.10954883452614
B06V72F2041,22.937201379321667,71.18686801548984
B06V72F2021,22.897814755151906,71.21997190795187
B06V72F2038,22.82969374321087,71.2177248840293
B06V72F2040,22.940821266132605,71.11828070955124
B06V72F2031,22.95111868148984,71.26290254868023
B06V72F2042,22.94484696817417,71.2375018802086
B06V73F2087,22.9562769426426,71.2392707843508
B06V73F2044,22.9020831302909,71.18094187969115
B06V73F2065,22.91846865407909,71.16404330881944
B06V73F2070,23.029349525375462,71.22732886776178
B06V73F2061,22.93322857582987,71.1789862261219
B06V73F2072,22.938200894779875,71.22656419915602
B06V73F2071,22.931954035608733,71.20503422858764
B06V73F2076,22.86804012333386,71.24308960809097
B06V73F2064,22.907535057771238,71.19450295977757
B06V73F2062,22.914853720371813,71.19652511819235
B06V73F2046,22.893797883958502,71.2525864864195
B06V73F2058,22.97301793577844,71.19583063685288
B06V73F2049,22.948134306983437,71.12199341389471
B06V73F2085,22.94868512127623,71.23043383101894
B06V73F2055,22.919991311002754,71.21967027108374
B06V73F2060,22.97163664274252,71.29186562139606
B06V73F2067,22.98216772786694,71.27022537589518
B06V73F2074,22.978562802154123,71.21241474997804
B06V73F2050,22.949446258080734,71.12682956901996
B06V73F2083,22.87572316454145,71.1839637385018
B06V73F2077,22.938312857507054,71.23277416865908
B06V73F2081,22.999422727425152,71.15962858860328
B06V73F2068,22.888435276208096,71.18990639322978
B06V73F2052,22.955317229012408,71.197905667824
B06V73F2048,22.941311140608274,71.21866478234209
B06V73F2051,22.965509714412086,71.19409683846044
B05V59F1638,22.887161274600963,70.89474821224593
B05V59F1637,22.917384914200124,70.95931362055404
B05V59F1627,22.85497715195406,70.90440657588348
B05V59F1630,22.95975540023888,70.91138567597409
B05V59F1645,22.87968746875439,70.88768958897957
B05V59F1653,22.936310983381286,70.9619386293019
B05V59F1634,22.92991103717759,70.82986915675959
B05V59F1641,22.916694913074352,70.86514781497158
B05V59F1635,22.977861123579835,70.89723347757364
B05V59F1654,22.93504866053124,70.91289322144272
B05V59F1642,22.994847259278185,70.94667494009663
B05V59F1628,22.9180289626217,70.9447960010145
B02V23F0699,22.745437301972146,71.56436779285808
B02V23F0700,22.636604201390657,71.52486980048003
B02V23F0696,22.63847621549208,71.54595540305978
B02V23F0694,22.73085389449368,71.515529333989
B02V23F0692,22.721655631548337,71.50614177789365
B02V23F0702,22.698729273331956,71.60709847285504
B02V23F0697,22.70903457730311,71.51315353613822
B02V23F0690,22.77547382432633,71.53426013722427
B02V23F0693,22.66583706269145,71.5328496107741
B02V23F0686,22.76136972175684,71.5159870654689
B02V23F0685,22.68607098297813,71.55226985282303
B02V23F0695,22.71364135051569,71.54992445251149
B02V23F0701,22.670154889432798,71.56310690965893
B02V23F0687,22.682594162481106,71.49925336368922
B02V23F0688,22.739519508832192,71.52904471846543
B02V23F0698,22.69311498913619,71.57727028349561
B02V23F0684,22.682041846520782,71.52799823921598
B06V74F2097,23.0616466055859,71.09260530304422
B06V74F2116,23.10497495536392,71.04623881169921
B06V74F2088,23.1091993887235,71.04913885418715
B06V74F2091,23.196148360828243,71.02780962967363
B06V74F2109,23.167885519736082,71.0078746348507
B06V74F2104,23.17631902755779,71.10466010717717
B06V74F2089,23.137997300535098,71.00662341199303
B06V74F2092,23.156681323066888,71.07064938086017
B06V74F2098,23.14743463967756,71.0745614176743
B06V74F2096,23.091362587993867,71.05078408119282
B06V74F2114,23.201691146836566,71.0258615478615
B06V74F2118,23.12902423077851,71.1060060754615
B06V74F2106,23.167606296637544,70.99336313573501
B06V74F2101,23.158332236707025,71.06268489532494
B06V74F2108,23.16032782498909,71.07372869113242
B02V17F0512,22.680974464950047,71.430939152472
B02V17F0523,22.76326006361187,71.44162365808738
B02V17F0520,22.711482818198462,71.43343029342466
B02V17F0529,22.764512891985074,71.46713348755198
B02V17F0501,22.647121204071894,71.38650226073338
B02V17F0516,22.721678567268285,71.44657769120828
B02V17F0517,22.72263056512119,71.44825275655984
B02V17F0511,22.699778586631425,71.37246775752855
B02V17F0532,22.7401430118456,71.40383390951946
B02V17F0509,22.770167734393418,71.45298538512692
B02V17F0526,22.721400080965058,71.43047617285139
B02V17F0522,22.629826710375866,71.45309947087263
B02V17F0525,22.712163629027604,71.43164041932401
B02V17F0499,22.69350505135483,71.43890853981061
B02V17F0518,22.66372578732752,71.48930350279448
B02V17F0513,22.72337664249724,71.42766719933915
B02V17F0515,22.68251117355071,71.43036491937748
B02V17F0528,22.75438866795491,71.37496636022625
B02V17F0533,22.671255745572942,71.50700128798604
B02V17F0527,22.69708041662142,71.46551913217678
B02V17F0530,22.69954768842479,71.4446781287655
B02V17F0519,22.672970893137187,71.34599745157966
B02V17F0500,22.74630696922887,71.3594409261669
B02V17F0510,22.67606077308143,71.43957201352346
B02V17F0502,22.68349711915951,71.5230863339062
B02V17F0507,22.69260011680123,71.34260472131186
B02V17F0508,22.731019002245265,71.39644126894828
B02V17F0503,22.699495231218155,71.43486368311781
B02V17F0514,22.640987361338837,71.49968826407267
B02V17F0505,22.684723790094903,71.4292583158207
B02V17F0504,22.757091241253793,71.46567557960202
B03V30F0882,22.291576308356973,71.43274092158443
B03V30F0897,22.23578255610431,71.39639005159809
B03V30F0885,22.25358478729147,71.40714782080745
B03V30F0888,22.25907486385108,71.2821454478546
B03V30F0889,22.250377021567004,71.40389502575213
B03V30F0887,22.225528765169347,71.41994077828281
B03V30F0883,22.25425518605765,71.30039474191912
B03V30F0902,22.197659429861943,71.3325955792668
B03V30F0907,22.29445506132639,71.43915953789842
B03V30F0900,22.318637060310174,71.41015453553544
B03V30F0892,22.302052064715024,71.32310604958829
B03V30F0886,22.248979689174085,71.3515399985741
B03V30F0899,22.262550344644385,71.33725431963929
B03V30F0896,22.20662748934978,71.41292670323959
B03V30F0904,22.187499733356805,71.42692921482566
B03V30F0895,22.280727801032025,71.32937161914833
B03V29F0878,22.353357676893424,71.39164798560276
B03V29F0879,22.277305167070555,71.39329847845686
B03V29F0868,22.30711630704204,71.39530314269196
B03V29F0859,22.34984945271704,71.40845124768185
B03V29F0872,22.281376624407862,71.36991551493087
B03V29F0864,22.27853771250945,71.34369630472116
B03V29F0881,22.283367980687213,71.39893125310772
B03V29F0856,22.271716635497967,71.42308390262565
B03V29F0869,22.277501463102965,71.42847044373644
B03V29F0865,22.303866045600074,71.38202716231848
B03V29F0880,22.305374588892978,71.35034137417843
B03V29F0876,22.2614242078847,71.36218587136015
B03V29F0877,22.25963439210887,71.34579084429863
B03V29F0874,22.297533377280182,71.31404374009297
B03V29F0871,22.29519999928149,71.3603005814242
B03V29F0866,22.238408405669862,71.46359462816824
B03V29F0870,22.282347424939793,71.37673976763571
B06V69F1936,22.885958201983357,70.99236917107542
B06V69F1930,22.848424683881948,71.15786265697149
B06V69F1927,22.848249560895212,71.13977355375377
B06V69F1950,22.848637657297246,71.06294519857293
B06V69F1931,22.81475268264352,71.04278611308246
B06V69F1944,22.855937875022505,71.00442080590797
B06V69F1941,22.84563355123199,71.01186876365333
B06V69F1938,22.835547064149605,71.10429397791347
B06V69F1940,22.8871859975077,71.08493169131474
B06V81F2331,22.951116506269994,71.08586845122002
B06V81F2334,22.85655231778988,71.08230893594752
B06V81F2320,22.980493763560737,71.10096702245043
B06V81F2319,22.94229516865695,71.12466527596517
B06V81F2317,23.000994677750636,71.10498145051258
B06V81F2336,22.907775770647493,71.08308417497544
B06V81F2326,22.965240896772585,71.12360369213326
B06V81F2332,22.91564735564778,71.14949207789145
B06V81F2333,22.903396255080988,71.03332133360938
B06V81F2316,22.87365710910942,71.02282404495004
B06V81F2325,22.887208915829007,71.10252021761949
B06V81F2329,22.897037966723882,71.09552731332387
B02V24F0727,22.574218816036016,71.35909278654408
B02V24F0713,22.530426428548893,71.41892451019997
B02V24F0715,22.527807610611784,71.30013853684424
B02V24F0708,22.518617853617823,71.38587679123927
B02V24F0717,22.545319849991312,71.38099960531298
B02V24F0718,22.62853083480862,71.38942529498546
B02V24F0722,22.65012521313265,71.28945293440121
B02V24F0707,22.647011038655002,71.37858249226204
B02V24F0728,22.639198219748344,71.3133775742089
B02V24F0704,22.536180629358253,71.29498548875922
B02V24F0729,22.599880637019123,71.38896050005708
B02V24F0706,22.540818501833154,71.30023611304922
B02V24F0724,22.616904535558575,71.43566509858788
B02V24F0712,22.60478002688044,71.31956874603739
B02V24F0716,22.523440078259764,71.35604640103939
B02V24F0720,22.533897311172367,71.34799944483123
B02V24F0725,22.55768532383614,71.35106558926508
B02V24F0719,22.584714043697858,71.420347750205
B02V24F0709,22.58840208705249,71.3770744193472
B02V24F0721,22.566679197611652,71.32187353581254
B02V24F0714,22.610803800709153,71.44787595245536
B02V24F0723,22.583797382952472,71.34018363992894
B03V38F1133,22.094841407494155,71.3749290359109
B03V38F1128,22.100254449409835,71.38957126845848
B03V38F1116,22.046347019803267,71.51335652914196
B03V38F1123,22.1345912812704,71.40641303546622
B03V38F1135,22.040957727826495,71.41236668729536
B03V38F1145,22.072182848545616,71.50233704376011
B03V38F1115,21.995457027889127,71.43033506104933
B03V38F1130,22.14010355896871,71.42364501112641
B03V38F1143,22.04548169030042,71.47255448088866
B03V38F1144,22.037729892688166,71.4764947955846
B03V38F1121,22.07671646781745,71.4000009003351
B03V38F1132,22.07282030475298,71.45845593341177
B03V38F1127,22.02235400795387,71.40347486863749
B03V38F1136,22.080274552949728,71.36804189964035
B03V38F1139,22.089834345954696,71.51204897658458
B03V38F1117,21.991393885965817,71.43794939108184
B03V38F1138,21.97878106695078,71.44214034970851
B03V38F1142,22.029060825908672,71.4348607449974
B03V38F1141,22.0298010899375,71.49770866338348
B01V07F0174,22.494943810905927,71.62493458992907
B01V07F0190,22.418290894950243,71.61371432307847
B01V07F0179,22.433002445384062,71.69271989959172
B01V07F0193,22.409067328024555,71.61795718190449
B01V07F0194,22.396195222418374,71.5761314139047
B01V07F0184,22.41915611124557,71.60597047193535
B01V07F0187,22.473655229252447,71.64053027967734
B01V07F0176,22.505530887194976,71.67558736219716
B01V07F0185,22.44132838884145,71.611974339325
B01V07F0188,22.395974426740597,71.68503930465855
B01V07F0173,22.383842263732035,71.65181867348417
B01V07F0186,22.43114888511796,71.59955305561368
B01V07F0196,22.42084868781101,71.62018052932815
B01V07F0200,22.470335147457888,71.69986468743383
B01V07F0198,22.419006277607515,71.6840252089781
B01V07F0197,22.43312436203552,71.68311256558805
B01V07F0201,22.46952654437016,71.63996178369618
B01V07F0183,22.427380288821865,71.63274354775419
B01V07F0171,22.467728404704804,71.58314000378307
B01V07F0191,22.46365944148154,71.69903171198243
B04V44F1273,22.254866591546584,71.12757181032941
B04V44F1265,22.205867915210025,71.08176257712479
B04V44F1249,22.238603215230036,71.12067987282418
B04V44F1260,22.202009375617116,71.11246214987723
B04V44F1253,22.175061598362042,71.01132643982078
B04V44F1263,22.171658807460584,71.15656182871167
B04V44F1264,22.136648016119036,71.08743509516124
B04V44F1268,22.174369888889274,71.1387775184585
B04V44F1259,22.21406132456276,71.1162660805615
B04V44F1261,22.196631376762642,71.1252608209712
B04V44F1251,22.169749244065372,71.12429629591176
B04V44F1254,22.212669792283744,71.07724384963971
B04V44F1267,22.19230929813298,71.1308148559687
B04V44F1266,22.139671408704373,71.05747575149894
B03V33F0980,22.186918825796898,71.41564005920641
B03V33F0971,22.18004487906007,71.35610997086144
B03V33F0985,22.14369206031036,71.42272051997698
B03V33F0979,22.176802152669232,71.31935439876412
B03V33F0989,22.13353785740464,71.35350036027354
B03V33F0975,22.201925185879873,71.35635323510719
B03V33F0988,22.187134797448035,71.32515150814129
B03V33F0986,22.15702555753265,71.24082493601773
B03V33F0981,22.1590645748422,71.32889555993158
B03V33F0977,22.176367556419574,71.24258985281094
B03V33F0984,22.181840539505703,71.29876213889756
B03V33F0972,22.120807115525277,71.37159555485108
B03V33F0983,22.201393963370677,71.3340015217767
B03V33F0982,22.156128260795978,71.33690092176609
B03V33F0987,22.21493842198066,71.36091015470981
