uid,grid_id
v37f1105c1,34379
03v37f1105,34379
03v37f1083,34379
03v37f1084,35195
v37f1084c1,35195
06v80f2304,37722
v80f2304c1,37722
06v80f2295,37722
v47f1348c1,19759
04v47f1348,19759
03v37f1110,34381
v37f1110c2,34381
v37f1110c1,34381
01v01f0001,54118
03v37f1081,34382
v37f1081c1,34382
v37f1089c1,35738
03v37f1089,35738
06v80f2291,37994
06v80f2306,37991
06v80f2286,37991
80f2306 c1,37991
06v80f2305,37991
v80f2305c1,37991
06v80f2298,37720
06v80f2299,37988
05v56f1546,3599
04v47f1344,20033
04v47f1339,20033
v47f1339c1,20033
03v37f1096,33574
v37f1096c1,33574
02v18f0547,41028
v01f0010c1,56284
01v01f0010,56284
02v18f0556,39679
02v18f0542,39679
01v01f0008,55743
03v37f1097,33842
03v37f1100,33842
03v37f1095,35198
v37f1095c1,35198
v18f0546c1,39407
02v18f0546,39407
05v56f1565,4684
05v56f1554,4684
05v56f1538,4684
05v56f1558,2783
05v56f1548,3063
06v80f2294,37718
06v80f2300,38260
02v18f0535,40760
02v18f0537,39953
02v18f0538,40218
02v18f0545,40223
01v01f0011,53580
01v01f0029,53580
01v01f0019,53580
04v47f1345,20304
v47f1345c1,20304
05v56f1543,4143
02v18f0541,39406
05v64f1783,10084
05V64F1782,10084
03v39f1155,34129
v39f1155c1,34129
03v39f1154,34128
v39f1154c1,34128
v39f1174c1,34128
03v39f1174,34128
02v15f0434,46196
02v15f0431,46196
02v23f0687,46196
v39f1170c1,33855
03v39f1170,33855
03v39f1148,33855
01v05f0144,48686
v14f0402c1,45669
02v14f0402,45669
01v05f0137,47065
06v76f2168,36622
v37f1091c2,34649
03v37f1091,34649
v37f1091c1,34649
05v64f1778,8726
05v64f1781,8726
06v76f2167,36346
06v76f2178,36346
01v08f0225,53036
02v14f0391,43762
02v14f0413,43762
04v55f1515,12969
04v55f1516,12969
01v08f0219,53305
01v08f0207,53305
01v08f0226,53305
02v14f0395,44850
01v05f0149,45705
02v22f0663,43216
v22f0652c1,43216
02v22f0652,43216
v22f0665c1,43216
02v22f0665,43216
04v43f1233,14037
20v22f0676,43487
15f0450 c1,47550
02v15f0450,47550
02v15f0465,47550
01v03f0070,45439
06v76f2161,35805
v43f1221c1,14578
04v43f1221,14578
6v80f2285c,37993
06v80f2285,37993
02v20f0619,45656
01v11f0329,57377
02v15f0437,47014
02v15f0454,47557
02v15f0662,47820
02v15f0426,47820
01v03f0077,45168
v14f0411c1,45934
02v14f0411,45934
v14f0410c1,45934
02v14f0410,45934
v14f0410c2,45934
02v19f0591,36436
02v15f0455,47549
04v50f1405,17843
v50f1405c1,17843
05v60f1655,6289
02v15f0427,46734
02v18f0536,39413
06v80f2288,38804
04v43f1224,13498
04v43f1234,13498
04V43F1227,13498
05v60f1658,6023
01v03f0084,43809
01v02f0044,56549
01v11f0325,57636
06v76f2172,36078
04v51f1435,17009
04V51F1434,17009
04V51F1423,17009
04v51f1419,16196
51f1419 c1,16196
04v51f1421,16196
02v15f0451,48635
05v62f1733,7080
02v14f0407,45398
v08f0221c1,53575
01v08f0221,53575
01v08f0217,53575
05v66f1853,7358
01v08f0215,53034
04v46f1320,16218
46f1320 c1,16218
04v50f1411,18379
v50f1411c1,18379
06v70f1972,37191
01v10f0280,48162
06v70f1955,36378
01v10f0295,47081
01v12f0345,55479
06v70f1980,36653
01v08f0212,52491
01v08f0222,52491
03v28f0828,28401
v28f0828c1,28401
01v01f0018,55477
01v10f0284,47893
05v66f1852,7895
v27f0819c2,28136
04v50f1409,18108
04V44F1249,18108
03v28f0852,27592
05v65f1803,8988
04v50f1413,18115
v50f1413c1,18115
04v50f1412,18115
03v27f0819,28407
v27f0819c1,28407
02v21f0624,39711
v75f2133c2,33092
06v75f2133,33092
v75f2133c1,33092
v75f2128c1,32281
06v75f2128,32281
03v27f0808,28678
01v04f0105,46232
v04f0105c1,46232
01V06F0166,46232
01V06F0158,46232
01v06f0161,46780
05v65f1828,8178
05v65f1822,8178
05v65f1824,8178
03v28f0835,27318
v28f0848c1,27318
v28f0835c1,27318
03v28f0848,27318
b03v280833,27318
04v50f1404,18383
04v50f1400,18383
04v50f1402,18383
03v28f0842,27861
v28f0842c1,27861
03v28f0850,27861
02v21f0635,39984
02v21f0626,39984
02v21f0648,40798
02v21f0645,38899
b05v65f827,9531
02v21f0634,40253
04v50f1397,19197
05v65f1819,9263
02v21f0641,39443
21f0623 c1,39443
02v21f0623,39443
06v75f2147,31735
03v31f0918,34369
v31f0925c1,34369
03v31f0925,34369
04v53f1458,12695
02v25f0730,48377
02v25f0743,48377
v31f0934c1,33559
03v31f0934,33559
02v25f0747,48640
04v53f1473,12962
04v53f1476,12962
v31f0917c1,34370
03v31f0917,34370
03v31f0927,34370
04v53f1461,12967
04v55f1518,12967
02v25f0757,47290
05v64f1798,9541
05v64f1788,9541
02v25f0746,48106
v31f0909c1,33285
03v31f0909,33285
01v03f0076,44899
03v31f0910,33282
v31f0910c1,33282
v31f0915c1,33283
03v31f0915,33283
03v31f0941,33283
03v31f0926,33283
03v31f0924,34368
01v03f0094,45435
06v79f2276,29308
06v79f2253,29308
02v25f0761,48100
01v03f0065,44360
01v03f0072,45167
01v03f0080,45164
05v64f1785,9809
02v25f0741,48645
02v25f0740,48645
04v53f1468,12418
04v53f1474,12418
04v53f1480,12418
v13f0390c1,51143
01v13f0390,51143
06v70f1953,37728
02v20f0599,45658
02v20f0608,45659
01v13f0384,52768
02v20f0607,45387
05v62f1728,6000
02v20f0600,45657
v37f1104c1,33570
v37f1104c2,33570
03v37f1104,33570
v37f1102c1,34112
03v37f1102,34112
02v20f0621,45118
02v20f0593,45118
02v20f0612,45118
02v20f0602,45118
02v22f0672,44030
03v37f1090,34657
05v62f1713,6545
02v20f0620,45117
02v20f0614,45117
02v20f0615,45117
03v37f1098,34921
04v46f1323,16489
v37f1109c1,33032
03v37f1109,33032
v37f1088c2,33840
03v37f1088,33840
v37f1088c1,33840
04v49f1377,21108
49f1392 c1,21108
04v49f1392,21108
b04v461311,17030
v46f1311c1,17030
04v46f1328,17030
05v62f1739,7352
05v62f1725,6002
03v37f1101,34923
v37f1101c1,34923
04v49f1390,21106
v49f1390c1,21106
02v20f0605,45386
05v62f1732,5730
06v70f1962,35831
02v22f0666,44032
02v22f0654,44032
06V77F2203,38254
05V57F1571,75
5v57f1595c,340
V57F1595C1,340
05V57F1595,340
V77F2195C1,36899
06V77F2195,36899
04V54F1490,24084
01V05F0145,45978
05V57F1585,1427
v35f1032c2,33023
03v35f1032,33023
v35f1032c1,33023
04V54F1508,23813
v54f1500c1,23813
04v54f1492,23813
01V05F0135,46247
05V57F1597,2240
06V77F2194,37169
06V77F2202,37441
04V54F1487,23272
V54F1487C1,23272
04v54f1489,23272
v54f1489c1,23272
03v35f1024,32751
v35f1024c1,32751
v35f1024c2,32751
v35f1029c1,32751
03v35f1029,32751
01V05F0143,48144
04V54F1502,23545
04V54F1501,23545
04v54f1495,23545
v54f1495c1,23545
04v54f1506,23545
06V77F2199,36629
V77F2199C1,36629
01V05F0140,48141
06V77F2183,36627
06V77F2200,38795
03v35f1030,33025
03v35f1037,33028
v35f1037c1,33028
V54F1488C1,23271
04V54F1488,23271
02v22f0678,43215
02v22f0658,43215
06V77F2204,38796
03v35f1036,32482
02v22f0683,43758
02v22f0682,43758
02v22f0664,43758
03v35f1026,33027
01V05F0126,47879
03v35f1025,33297
v35f1021c2,33297
v35f1021c1,33297
03v35f1021,33297
05V57F1587,1699
v35f1023c1,33298
01V05F0124,47327
03v35f1033,33022
02v35f1023,33299
04v45f1301,13783
v45f1298c1,13783
v45f1299c1,13783
04v45f1298,13783
03v34f1001,35447
01v08f0206,52761
v34f0993c1,35717
03v34f0993,35717
05v68f1915,1983
03v34f1013,35178
v34f1013c1,35178
01v08f0203,53306
v34f1011c1,35450
03v34f1011,35450
v34f0998c1,34634
03v34f0990,35443
v34f0990c1,35443
01v08f0214,53303
02v25f0760,48913
02v25f0758,48913
01v08f0220,53035
01v08f0237,53035
04v45f1290,14596
04v45f1284,14596
03v34f0991,35449
v34f1006c1,35449
03v34f1006,35449
05v68f1897,1438
06v70f1966,35840
01v08f0230,53576
03v34f0998,34635
v34f0998c2,34635
05v68f1904,1984
05v68f1892,2251
02v25f0753,49186
02v25f0763,48098
06v70f1958,37731
05v68f1900,1708
04v45f1294,15411
02v25f0748,47833
02v25f0737,47833
04v45f1277,15410
v45f1277c1,15410
05v68f1896,623
03v34f1012,34631
03v34f0999,34631
06v70f1965,37461
05v68f1916,1441
06v70f1957,38271
01v08f0205,53577
01v08f0234,53577
01v08f0228,53577
06v70f1971,37460
06v70f1979,36916
02v25f0744,48369
02v25f0756,48369
03v34f1002,35448
06v70f1961,35562
04v45f1276,15409
04v45f1278,15409
v45f1278c1,15409
02v25f0754,47827
02v25f0742,47827
2240133433,42304
06v78f2240,42304
v39f1172c2,32502
v39f1172c1,32502
03v39f1172,32502
v52f1443c1,15926
v52f1451c1,15926
04v52f1443,15926
04v52f1451,15926
v15f0449c1,48097
b0215f0449,48097
06v78f2217,42302
03v39f1156,32773
v39f1163c1,32773
03v39f1163,32773
03v39f1152,32773
v39f1161c1,32773
03v39f1161,32773
06v78f2220,40403
06v78f2241,40948
06v74f2241,40948
02v15f0463,48364
06v78f2218,41487
2218113630,41487
06v78f2234,40674
v39f1165c1,33315
03v39f1165,33315
03v39f1173,33584
03v39f1167,33584
03v39f1177,33584
04v52f1448,15113
04v52f1440,15113
04v52f1442,15113
-04 125246,48436
01v10f0271,48436
05v66f1829,7627
05v61f1690,4924
02v15f0464,47548
02v15f0432,47285
01v10f0292,48435
05v66f1835,8172
02v15f0436,48087
04v52f1446,15927
02v15f0440,47554
05v61f1704,6007
04v52f1453,16201
03v39f1175,33312
06v71f2002,21169
06v71f2013,21169
v39f1178c1,33045
03v39f1178,33045
03v39f1151,33045
01v12f0346,55753
02v20f0611,45391
02v20f0606,45390
02v20f0618,45390
02v19f0590,38062
v19f0590c1,38062
05v63f1752,6549
05V63F1750,6549
03v36f1059,33021
03v36f1080,33021
03v36f1062,33021
02v19f0587,37242
02v19f0570,37242
02v19f0584,37242
05v63f1768,7091
03v35f1034,33026
04v47f1353,20303
04v47f1354,20303
01v11f0300,57366
01v11f0321,57366
03v39f1171,33310
04v53f1470,12150
02v19f0592,37246
02v19f0571,36433
02v19f0589,37516
01v11f0318,57915
01v11f0306,57915
v11f0306c1,57915
06v71f1990,22526
06v71f1999,22526
03v32f0954,34643
03v32f0954,34643
04v47f1336,20032
04v47f1334,20032
v47f1334c1,20032
03v27f0818,29489
03v27f0802,29489
v27f0823c1,29489
03v27f0807,30306
v19f0588c1,36979
02v19f0588,36979
04v48f1375,18675
03v27f0803,28947
02v26f0778,44560
02v26f0787,44560
01v09f0241,48706
05v60f1664,7367
01v01f0005,56019
01v01f0013,56019
02v26f0776,43212
02v22f0667,43212
06v79f2247,29306
01v05f0146,45982
01v05f0128,45982
v05f0128c1,45982
01v09f0262,50060
02v26f0784,42933
v26f0784c1,42933
04v55f1535,13780
55f1535 c1,13780
05v60f1666,7649
01v01f0026,55749
01v05f0139,47601
01v05f0131,47601
06v71f1998,23071
06v71f1986,21987
01v05f0132,46253
02v16f0493,35591
v16f0493c1,35591
v16f0484c1,35054
02v16f0484,35054
v32f0950c1,35995
03v32f0950,35995
06v72f2029,32585
v32f0967c2,34913
v32f0967c1,34913
v32f0958c1,34913
03v32f0967,34913
03v32f0958,34913
05v66f1845,7899
03v32f0968,35727
v32f0968c1,35727
05v63f1756,7634
02v16f0482,35053
v16f0482c1,35053
v16f0468c1,35053
02v16f0468,35053
05v66f1844,8443
5v66f1844c,8443
02v16f0497,35326
04v45f1289,14323
03v32f0952,35184
02v16f0480,34783
06v72f2036,33124
02v16f0475,34778
v16f0475c1,34778
04v45f1303,14594
v32f0956c1,34917
03v32f0956,34917
05v63f1751,6275
05V63F1762,6275
v45f1300c1,14324
04v45f1300,14324
04v45f1292,14324
01v11f0314,58179
04v45f1291,14053
04v45f1287,14053
05v63f1757,7904
01v11f0326,57639
01v11f0305,57639
06v72f2033,32856
V72F2040C1,32856
06V72F2040,32856
04v45f1299,13784
03v32f0966,36269
05v63f1767,7092
03v32f0946,35188
03v32f0955,34915
01v11f0310,59270
03v37f1086,34114
v37f1086c1,34114
01v05f0123,47060
v73f2087c1,33933
06v73f2087,33933
v73f2081c2,33933
v73f2081c1,33933
06v73f2081,33933
06v73f2051,33933
01v01f0024,55204
01v01f0015,55204
01v01f0021,55741
01v05f0129,47875
v73f2065c1,32576
06v73f2065,32576
02v15f0425,44839
15f0425 c1,44839
04v49f1380,20837
v49f1380c1,20837
01v10f0274,47623
02v18f0561,39404
03v36f1065,33290
06v73f2044,33932
06V73F2085,33932
06V73F2067,33932
01v05f0142,47330
02v15f0446,47007
02v23f0685,47007
01v13f0377,53039
04v50f1398,18655
06v75f2123,32821
04v50f1408,17842
06v75f2135,32818
06v75f2125,32276
05v59f1638,17118
06v75f2143,33359
v28f0834c1,28674
03v28f0834,28674
06v75f2136,33364
02v23f0699,45925
v23f0699c1,45925
02v23f0702,45925
01v13f0372,51958
01v13f0383,51958
01v13f0386,52224
02v23f0700,47281
02v23f0684,47281
05v59f1637,17121
03v28f0853,27322
03v28f0830,27588
v28f0830c1,27588
05v59f1627,17663
05v59f1628,17663
06v75f2130,33360
01v13f0385,52227
06v75f2131,34446
06v75f2145,34446
06v75f2129,32280
02v23f0696,47276
02v23f0690,47276
01v13f0370,52230
04v50f1415,18384
04v50f1399,18384
v50f1399c1,18384
03v28f0844,28403
03v28f0845,27315
05v59f1630,16303
03v28f0839,27590
02v23f0694,46736
02v23f0693,46736
05v59f1645,15493
02v23f0692,46468
02v15f0447,46468
03v28f0841,27862
04v49f1384,21919
04v49f1395,21919
v49f1395c1,21919
v49f1395c2,21919
04v49f1379,20836
05v59f1653,17396
02v23f0697,45922
02v23f0695,45922
02v15f0458,45922
06v74f2097,30353
06v74f2108,30353
74f2108 c2,30353
01v09f0254,48980
02v17f0512,39959
04v46f1327,16756
03v30f0882,32196
v30f0896c1,32196
03v30f0896,32196
04v55f1525,12426
v55f1525c1,12426
04v55f1523,12426
v55f1523c1,12426
v55f1536c1,12426
04v55f1536,12426
v46f1324c1,16759
04v46f1324,16759
02v16f0471,36945
02v16f0491,36404
02v16f0467,36944
03v34f0994,34905
v34f0994c1,34905
03v34f0996,34905
06v75f2132,33361
03v29f0878,32460
01v11f0323,56292
01v11f0309,58999
05v68f1910,899
02v17f0523,41860
v29f0879c1,33816
03v29f0879,33816
03V29F0868,33816
05v68f1919,1166
05v68f1891,1166
02v17f0520,40505
06v75f2142,32010
06v75f2121,32551
03v36f1066,33291
05v61f1711,5468
03v36f1056,33836
v36f1056c1,33836
04v53f1464,12420
v53f1464 1,12420
04v53f1478,12420
v53f1478c1,12420
06v69f1936,24462
v69f1936c1,24462
06v69f1930,23108
03v36f1057,32747
03v36f1058,32747
v36f1058c1,32747
06v81f2331,25255
v81f2331c1,25255
04v53f1459,12963
03v36f1179,33288
03v31f0920,33288
v31f0920c1,33288
v31f0920c2,33288
03v36f1071,33292
03v36f1073,33833
03v36f1063,33833
05v61f1706,5735
06v69f1927,24192
01v01f0033,55746
01v01f0034,55746
04v53f1472,12151
02v22f0673,43486
06v81f2334,26075
v53f1483c1,12419
04v53f1483,12419
v36f1073c1,34104
v22f0656c1,44298
02v22f0656,44298
01v01f0002,53845
05v61f1705,5196
05v61f1712,5196
v01f0004c1,54121
01v01f0004,54121
v36f1051c1,34375
03v36f1051,34375
05v61f1708,4926
03v36f1068,33020
01v01f0017,54386
06v69f1950,24465
04v53f1467,11880
05v59f1634,17930
v12f0362c2,54132
01v12f0362,54132
02v24f0727,35652
06v73f2070,33928
04v52f1437,15383
04v52f1445,16470
04v51f1430,16470
04v51f1424,16470
51f1424 c1,16470
v52f1438c1,15928
04v52f1438,15928
04v52f1455,15928
02v24f0713,35098
02v24f0715,36181
05v59f1641,17126
02v24f0708,36182
02v24f0717,36182
02v24f0707,36182
03v38f1133,33600
v52f1447c1,16199
04v52f1447,16199
04v51f1427,16199
06v73f2061,33930
06v73f2077,33930
v52f1445c1,16469
04v51f1422,16469
b05v591635,18476
03v38f1128,31700
01v12f0341,54666
01v12f0359,54668
01v12f0363,54668
03v38f1116,33598
v38f1116c1,33598
03v38f1115,33598
03v38f1143,33598
03v39f1150,33042
v39f1150c1,33042
06v73f2072,33663
01v12f0344,55215
06v73f2071,33384
01v12f0351,55213
03v38f1123,33327
03v38f1139,33327
06v73f2076,33658
05v59f1654,17938
v12f0362c1,54131
04v51f1425,16736
v30f0888c1,31658
03v30f0888,31658
03v30f0883,31658
v30f0883c1,31658
02v26f0772,44565
02v26f0779,44565
01v05f0148,47877
03v30f0897,32198
v30f0897c2,32198
02v23f0686,46737
02v15f0460,46737
v46f1310c1,17304
04v46f1314,17304
04v46f1310,17304
02v26f0771,43750
v45f1293c1,15141
03v30f0885,32200
03v30f0892,32200
02v26f0795,43479
01v07f0174,47888
01v07f0179,47888
05f0125c-1,47872
01v05f0125,47872
v26f0764c1,44564
02v26f0764,44564
05v66f1839,7896
04v45f1293,15140
05v59f1642,17389
06v69f1931,23377
v81f2320c1,26345
06v81f2320,26345
01v03f0087,45437
01v03f0083,45437
v30f0897c1,31927
03v30f0889,31659
v30f0887c1,31929
03v30f0887,31929
06v81f2319,26344
06v81f2336,26344
81F2333 C1,26344
06V81F2333,26344
02v26f0766,44023
02v26f0791,44023
01v07f0190,48430
01v07f0176,48430
01v07f0196,48430
06v81f2317,26885
03v35f1028,32753
v35f1028c1,32753
02v15f0444,47278
05v68f1905,1433
04v47f1335,19763
04v47f1355,19763
02v15f0445,47555
04v47f1340,19761
v47f1340c1,19761
06v74f2116,30087
02v15f0439,48362
04v48f1360,17320
v48f1360c1,17320
03v35f1041,33296
06v74f2088,29817
02v15f0428,47819
03v35f1035,33839
v35f1035c1,33839
v48f1371c1,17590
04v48f1371,17590
v35f1040c1,34110
01v35f1040,34110
01v08f0233,52762
01v08f0204,52762
04v48f1364,19218
01v08f0238,53297
04v48f1376,17862
06v74f2091,29819
05v68f1895,1709
05v68f1912,1164
01v08f0216,53304
01v08f0229,53304
06v74f2109,30352
06v79f2245,29036
04v55f1522,13241
v55f1522c1,13241
04v55f1534,13241
05v65f1821,8718
06v79f2260,29848
06v79f2262,29848
v55f1531c1,12700
04v55f1531,12700
v55f1531c2,12700
04v55f1533,12700
02v26f0794,44019
02v26f0789,43753
01v07f0193,48429
v30f0907c1,32464
03v30f0907,32464
06v71f2006,21982
06v71f2001,21982
04v55f1512,13782
04v55f1517,13782
04v45f1295,13782
01v07f0194,47073
01v07f0198,47073
v07f0198c1,47073
06v71f1997,21714
06v79f2257,29310
06v71f1987,21436
01v07f0184,47343
02v26f0767,43209
05v65f1809,8452
05v65f1802,8452
v65f1802c1,8452
03v30f0902,31924
06v79f2261,29577
06v79f2278,29577
06v79f2255,29577
01v07f0187,48158
05v65f1825,9257
04v55f1511,12970
06v71f2010,23885
05v65f1813,8174
02v26f0796,42936
03v30f0900,31652
01v07f0185,48154
01v07f0183,48154
05v68f1922,2518
02v17f0529,39687
v54f1494c1,24354
v54f1509c1,24354
04v54f1494,24354
04v54f1509,24354
02v17f0501,40774
03v31f0916,34100
v31f0916c1,34100
03v31f0935,33827
v31f0935c1,33827
03v31f0911,33827
05v60f1672,7096
02v17f0516,41856
02v17f0526,41856
03v34f1005,34907
v34f1005c1,34907
03v34f1010,34907
v34f1010c1,34907
03v31f0919,33828
03v31f0921,33828
v31f0921c1,33828
02v17f0517,41048
02v17f0511,40504
17f0511 c1,40504
05v68f1893,1442
01v07f0188,48153
01v10f0296,47352
03v34f1015,34904
04v54f1504,23811
06v76f2163,36350
04v55f1513,13511
06v76f2170,36616
04v55f1526,13240
v31f0919c1,34099
v31f0937c1,34099
03v31f0937,34099
02v17f0532,39143
v17f0509c1,42400
03v34f1016,34903
03v34f0992,34903
05v68f1898,893
02v17f0509,42399
04v55f1510,12971
05v68f1921,1706
06v76f2152,37158
01v07f0173,47344
04v46f1316,17302
v46f1316c2,17302
02v21f0632,39983
02v21f0650,39445
v45f1281c1,14868
04v45f1281,14868
06v81f2326,27154
v81f2326c1,27154
v46f1316c1,17573
04v47f1347,20034
01v07f0186,48696
02v24f0718,36453
v24f0718c1,36453
05v66f1851,8440
02v24f0722,36186
01v04f0119,46239
04v55f1529,14050
04v43f1223,14036
06v81f2332,26879
04v55f1532,13510
v55f1532c1,13510
v37f1087c1,34651
03v37f1087,34651
04v47f1343,19762
03v32f0945,34641
v32f0945c1,34641
v32f0945c2,34641
03v32f0957,35725
02v20f0616,44576
02v20f0610,44576
05v64f1790,8995
01v07f0200,47882
06v75f2139,32278
06v75f2126,32278
03v36f1067,32750
05v64f1789,9812
1787105420,9812
v75f2144c1,34173
06v75f2127,34173
06v75f2144,34173
v37f1082c1,33844
03v37f1082,33844
v37f1082c2,33844
01v06f0152,46509
01v06f0162,46509
01V04F0100,46509
06v75f2146,33091
02v21f0633,39712
01v06f0170,46510
04v55f1520,12968
01v06f0156,47594
02v21f0639,38630
v21f0646c1,39717
02v21f0646,39717
05v65f1826,8447
04v47f1338,19490
02v20f0596,45388
01v04f0097,46504
06v75f2137,32275
06v75f2141,31738
02v24f0728,36187
02v24f0721,36187
v24f0721c1,36187
01v07f0197,48156
02v16f0489,35860
v16f0489c1,35860
v16f0489c2,35860
04v52f1449,15385
v52f1449c1,15385
01v11f0301,56835
v11f0301c1,56835
04v55f1530,13513
01v10f0282,48432
01v10f0287,48432
02v16f0472,36133
v16f0472c1,36133
05v68f1911,1162
05v68f1918,1162
04v48f1374,15421
01v06f0164,45693
v16f0489c3,35859
01v07f0201,47345
01v11f0327,57105
v16f0478c1,35319
02v16f0478,35319
01v09f0247,48707
v16f0474c1,35051
02v16f0474,35051
05v62f1729,6274
06v70f1954,37727
v46f1322c1,16758
04v46f1322,16758
02v17f0522,39414
02v16f0490,34782
v16f0490c1,34782
06v70f1974,35292
01v09f0245,50329
02v17f0525,42125
02v17f0528,42125
02v17f0527,42125
05v62f1745,7355
03v39f1164,32774
02v16f0487,35594
v16f0487c1,35594
06v70f1968,37192
03v38f1135,33057
v38f1135c1,33057
v38f1132c1,33057
03v38f1132,33057
03v38f1145,32785
v38f1145c1,32785
05v62f1715,5459
01v09f0260,48708
01v09f0257,49789
03v39f1160,33044
04v54f1503,23542
v54f1503c1,23542
v54f1500c2,23814
04v54f1500,23814
04v54f1491,24083
05v65f1816,8994
02v17f0499,41580
02v16f0488,35864
01v08f0211,53574
02v19f0582,36975
05v60f1680,6017
v31f0933c1,33017
03v31f0933,33017
06v76f2166,36348
v43f1240c1,14041
04v43f1240,14041
02v19f0564,38059
06v76f2159,36617
06v76f2164,36074
76f2164 c1,36074
01v12f0356,55485
02v19f0568,38330
v31f0923c1,32745
03v31f0923,32745
05v60f1662,7370
06v76f2158,35264
v31f0940c1,34365
03v31f0940,34365
05v60f1685,5473
05v60f1676,6826
05v60f1665,6826
02v19f0566,36976
01v12f0355,55760
03v31f0913,33015
03v31f0928,33015
v31f0928c1,33015
03v31f0930,33015
v31f0930c1,33015
3v310938c2,34371
03v31f0938,34371
v31f0938c1,34371
01v12f0365,54676
02v19f0583,36704
06v76f2157,36888
76f2157 c1,36888
04v43f1225,12679
02v19f0572,37249
06v76f2155,37431
76f2155 c1,37431
02v19f0585,37791
01v12f0347,54947
04v53f1460,12961
04v53f1471,12961
v53f1471c1,12961
03v27f0822,29491
05v57f1573,611
05v57f1591,611
03v27f0810,30575
05v56f1564,4409
02v25f0769,49187
05v56f1552,2520
01v03f0082,43814
06v73f2064,32575
03v27f0806,28676
v27f0806c1,28676
03V27F0801,28676
3V270801C1,28676
02v25f0735,47017
03v27f0823,29760
03v27f0824,29221
v27f0824c1,29221
04v44f1273,17025
01v08f0235,54381
01v08f0209,54381
04v51f1432,16198
v51f1432c1,16198
04v51f1431,16198
v51f1431c1,16198
v51f1431c2,16198
04v51f1429,16198
06v73f2062,32571
v73f2062c1,32570
01v03f0091,43544
v03f0091c1,43544
05v56f1562,4408
01v08f0224,52494
04v44f1265,17023
02v15f0442,48367
02v25f0734,48374
v44f1273c1,16754
02v25f0762,47834
02V24F0704,35651
V24F0725C1,36996
02V24F0725,36996
05V63F1770,7635
03V29F0859,33547
03V29F0872,33002
03v29f0869,33002
03v29f0871,33002
06V73F2046,33931
02V24F0729,36997
02V24F0706,35641
03V29F0864,32192
03v29f0865,32192
06V73F2058,33117
03V29F0881,33817
01V06F0169,45694
02V24F0724,36999
01V06F0155,46508
01v06f0168,46508
02V24F0712,35911
06V73F2049,32844
04V44F1260,15943
05V63F1773,7090
04V44F1253,15665
06V73F2055,33660
01V06F0153,47325
02V24F0716,35913
V24F0716C1,35913
04V44F1263,17291
05V63F1772,7632
02V24F0720,35373
06V73F2060,32574
01V04F0101,46513
04V44F1264,16750
01V06F0157,47865
06V73F2074,32842
04V44F1268,16747
01v12f0334,53861
02v24f0702,36728
06v72f2041,32855
6v72f2041c,32855
06v72f2021,32855
02v19f0576,36978
05v68f1907,2246
04v55f1524,13779
v55f1524c1,13779
v18f0563c1,39409
02v18f0563,39409
02v18f0543,39409
01v12f0335,55208
05v56f1542,3597
11f0332-c1,57641
04v50f1414,18924
02v18f0554,38590
02v18f0549,38320
01v11f0332,57640
01v11f0304,57644
01v12f0348,55488
01v11f0307,57645
04v55f1528,14051
06v73f2050,34476
01v11f0302,57102
v35f1031c1,33293
03v35f1031,33293
03v32f0949,34642
v32f0949c1,34642
02v18f0562,38594
02v24f0709,37810
03v38f1130,32784
05v56f1556,3871
06v73f2083,33665
01v07f0171,48698
01v07f0191,46803
04v49f1383,21920
04v43f1248,13492
01v02f0066,56560
02v22f0677,43485
01v02f0062,57093
05v66f1849,8979
02v25f0739,48912
v39f1157c1,33587
03v39f1157,33587
06v75f2140,32820
03v30f0886,31925
v30f0886c1,31925
03v30f0895,31925
02v22f0674,43759
06v78f2221,42843
01v10f0294,47621
02v25f0751,48104
04v44f1259,17562
v44f1259c1,17562
47f1352 c1,19760
04v47f1352,19760
v47f1349c1,19760
04v47f1349,19760
v35f1038c1,32484
05v63f1765,7636
06v78f2227,41759
01v02f0040,57363
03v35f1038,32483
06v78f2224,42573
05v63f1759,7089
04v47f1342,20031
03v37f1107,33305
v37f1107c1,33305
06v71f1985,22255
04v48f1366,18131
04v48f1362,18131
04v48f1370,18131
06v71f2000,22525
03v37f1103,34117
v37f1103c1,34117
03v38f1144,33330
02v26f0792,44024
03v38f1121,32514
v38f1121c1,32514
02v15f0457,46739
02v26f0788,44836
05v64f1793,8996
01v03f0092,45166
01V03F0069,45166
03F0069-C1,45166
v37f1111c1,34929
03v37f1111,34929
01v03f0081,44359
02v26f0793,44559
02v21f0649,39439
01v04f0102,47322
01v04f0104,47322
02v21f0636,38629
03v37f1106,33303
3v371106c1,33303
04v48f1369,17861
02v20f0609,44575
v38f1144c1,33059
02v15f0459,45923
01v01f0023,54111
v33f0980c1,28149
03v33f0980,28149
v33f0987c1,28149
03v33f0972,28149
03v33f0987,28149
02v17f0518,39145
v17f0518c1,39145
01v01f0030,55747
01v01f0027,55747
02v19f0577,37789
01v01f0028,55197
02v17f0513,41586
06v71f1994,23344
05v64f1797,9540
06v79f2270,29576
06v79f2268,29579
06v79f2256,29579
01v03f0066,43270
v50f1416c1,17844
04v50f1416,17844
03v33f0971,28420
v33f0985c1,28692
03v33f0985,28692
03v33f0979,28692
v33f0979c1,28692
03v33f0984,28692
05v64f1794,9808
03v29f0856,32729
02v25f0733,48911
02v25f0732,48911
01v05f0133,47599
01v12f0353,56023
02V21F0644,38627
01V04F0118,45963
03V27F0798,28405
V27F0798C1,28405
01V04F0117,46512
06V72F2038,30955
V72F2038C1,30955
04V43F1237,13763
05V56F1545,4144
02V21F0631,40524
02V21F0629,40524
01V04F0121,47592
01v04f0120,47592
V43F1237C1,13764
04V43F1230,12687
V72F2040C2,32857
03V27F0809,30034
V27F0817C1,29762
03V27F0817,29762
02V21F0643,40528
02V21F0642,39980
01V04F0112,46236
04V43F1238,12950
06V72F2031,32313
05V56F1550,3601
02V21F0651,39171
V51F1426C1,17550
04V51F1426,17550
03v36f1064,33561
v36f1052c1,34376
03v36f1052,34376
v36f1061c1,33832
03v36f1050,33832
03v36f1061,33832
02v20f0594,45928
03v36f1070,33018
v36f1070c1,33018
06V69F1944,23928
69F1944 C1,23928
04V51F1417,16467
04V51F1436,16467
69F1938 C1,24469
06V69F1938,24469
03v36f1049,34377
1791164601,8998
v36f1053c1,33560
03v36f1053,33560
01V03F0074,44895
01V03F0096,44895
06V69F1941,23647
69F1941 C1,23647
V03F0073C1,45710
01V03F0073,45710
02v20f0598,45389
v36f1069c1,33558
03v36f1069,33558
1776125850,9265
V81F2316C1,26882
06V81F2316,26882
1786153648,8727
v64f1792 c,8727
05v64f1792,8727
06V69F1940,23923
04V51F1433,17283
01V03F0068,44632
01V03F0090,44358
01V03F0088,43817
01V03F0089,45440
05v56f1547,2781
02v26f0775,43744
04v44f1261,16212
v44f1261c1,16212
02v22f0680,44300
05v57f1584,2509
v30f0904c1,30569
03v30f0904,30569
02v16f0495,34238
03v30f0899,31930
04v55f1527,13778
04v46f1313,16493
v46f1313c1,16493
06v74f2104,27103
02v26f0769,43743
05v56f1559,4682
06v74f2089,29556
04v53f1475,12694
02v16f0492,34240
v16f0492c1,34240
02v26f0768,43474
06v74f2092,30091
01v09f0268,48702
06v74f2098,30626
06v74f2114,30626
v38f1142c1,33603
03v38f1142,33603
01v09f0248,49515
05v60f1679,7372
05v60f1678,7372
01v09f0239,48979
v09f0239c1,48979
04v46f1317,16488
04v46f1332,16488
v46f1317c1,16488
v46f1332c1,16488
02v14f0423,44041
v14f0423c1,44041
02v14f0401,44041
74f2108 c1,30082
05v60f1686,7639
05v60f1675,5475
04v46f1319,16215
04v46f1312,16216
05v60f1663,6825
02v14f0399,45395
02v14f0403,45395
02v14f0397,46476
01v09f0255,48978
02v14f0393,44312
02v14f0419,44312
v38f1127c1,33326
03v38f1127,33326
06v74f2096,30634
05v60f1684,7644
05v60f1668,7646
03v38f1136,33055
06v74f2118,31165
01v09f0242,49251
02v14f0422,45935
03v38f1117,33328
03v38f1138,33599
06v74f2106,29546
04v46f1330,16757
06v74f2101,30362
04v46f1333,16490
02v14f0421,43772
02v14f0414,44583
v44f1251c1,16484
04v44f1251,16484
02v17f0515,39416
02v19f0580,36699
19f0580 c1,36699
06v79f2246,29845
06v81f2325,26881
v81f2325c1,26881
06v79f2264,29846
v50f1401c1,18927
04v50f1401,18927
04v50f1403,18927
04v48f1367,18674
02v18f0544,37507
v18f0544c1,37507
v38f1141c1,33596
03v38f1141,33596
06v79f2269,29301
02v17f0533,41857
05v57f1580,1694
05v57f1593,610
05v60f1659,7107
05v68f1923,1167
01v08f0232,52765
02v26f0774,43749
v26f0774c1,43749
01V01F0007,55471
02v26f0765,42934
04v48f1361,17591
01v08f0227,54383
v81f2329c1,26612
06v81f2329,26612
06v79f2274,29847
02v26f0782,44823
02v18f0548,39681
03v31f0929,34098
05v61f1689,4659
02v18f0560,38596
v18f0560c1,38596
03v36f1060,32749
02v18f0539,39133
01v02f0063,56281
01v01f0020,54390
01v01f0031,54389
02v18f0555,39138
03v32f0962,35998
01v02f0039,56276
03v33f0989,28418
v33f0989c1,28418
05v63f1763,6551
03v33f0975,28148
03v33f0981,28148
v33f0981c1,28148
02v18f0534,38589
v18f0534c1,38589
06v78f2230,40946
06v78f2231,42569
03v36f1074,33562
05v63f1746,7633
02v18f0551,39140
05v61f1698,5738
03v29f0880,32731
03v29f0876,32731
v45f1275c1,15138
04v45f1275,15138
03v29f0877,33274
03v29f0874,33544
04v43f1243,13772
02v14f0400,45937
05v61f1709,6009
02v14f0412,45670
02v14f0406,45670
02v21f0628,38631
21f0628 c1,38631
06v73f2068,34206
04v45f1296,14325
v05f0127c1,48418
02v14f0418,44854
06v80f2313,37448
05v57f1579,1426
05v57f1582,1430
03v34f1017,34910
04v54f1507,22998
v54f1507c1,22998
v15f0458c1,46193
02v15f0430,46467
02v23f0688,46467
02v15f0456,46471
02v15f0452,46738
02v23f0701,45655
03v34f1008,35721
06v80f2282,37447
05v57f1588,342
05v57f1577,1965
03v34f0997,34093
04v54f1505,23001
v34f1009c1,35175
03v34f1009,35175
02v15f0435,45383
06v80f2309,38257
06v80f2307,38259
02v14f0396,44310
14f0416 c1,44311
02v14f0416,44311
02v14f0405,45127
v14f0405c1,45127
06v80f2284,38803
04v44f1254,15940
03v29f0866,32191
v31f0939c1,33830
03v31f0939,33830
03v31f0932,33014
v31f0932c1,33014
06v77f2213,37172
02v14f0404,44042
02v14f0392,44042
05v61f1702,6008
06v80f2311,38264
01v02f0064,55739
06v77f2205,36902
02v14f0417,45664
v29f0870c1,32463
03v29f0870,32463
04v44f1267,14856
04v44f1266,15125
v44f1266c1,15125
06v79f2275,28224
05v57f1574,1428
01V12F0340,54397
V12F0340C1,54397
02v14f0408,45665
02v14f0409,45665
03v34f0995,34633
V12F0349C1,53858
01v12f0349,53858
05v68f1925,2245
06v79f2265,29578
06v76f2169,36080
v76f2169c1,36080
v23f0698c1,45652
02v23f0698,45652
01v04f0122,47321
v43f1231c1,12957
04v43f1231,12957
04v54f1496,23273
06v76f2156,36889
04v49f1389,20835
v49f1389c1,20835
06v71f1993,22527
02v14f0394,45666
02v24f0714,37001
03v27f0800,29759
06v76f2153,37428
v76f2153c1,37428
02v24f0723,35372
01v04f0113,47864
06v79f2251,29037
04v50f1406,18921
02v21f0630,39986
06v71f2012,22253
01v01f0025,54387
03v33f0988,28150
01v02f0057,57633
03v33f0986,28691
05v62f1744,5728
03v33f0977,28963
02v17f0530,42126
05v62f1719,5999
05v62f1716,6542
02v17f0519,41310
02v17f0500,42124
02v15f0510,41853
02v17f0502,40775
04v48f1365,17589
v48f1365c1,17589
03v33f0983,28417
03v33f0982,28962
v33f0983c1,28962
01v02f0041,57090
06v79f2254,29031
02v17f0507,41317
06v79f2266,30390
05v62f1738,5727
05v62f1723,5457
05v62f1727,7083
05v62f1734,7086
06v79f2271,29305
04v48f1356,18130
01v03f0079,43542
v03f0079c1,43542
03v27f0804,30032
03v28f0831,28402
v28f0843c1,28402
03v28f0843,28402
03v28f0846,28402
01v03f0086,44627
02v17f0508,40232
v17f0508c1,40232
02v17f0505,40232
v68f1914 c,892
05v68f1914,892
02v14f0420,45120
b03v270820,30300
06v70f1978,37187
01v03f0071,45171
02v17f0503,40233
01v08f0236,52220
03v28f0838,28131
06v77f2196,36896
06v77f2193,37171
01v11f0319,57375
01v04f0103,46781
02v14f0514,41313
05v62f1721,5729
01v11f0299,57648
01v13f0389,53037
01v11f0308,58730
01v04f0108,47051
06v73f2052,33927
05v62f1718,6273
b0v73f2048,34202
04v43f1239,12683
02v17f0504,40502
05v60f1674,6833
01v13f0381,51959
05v60f1661,4660
06v72f2042,33128
02v21f0647,39441
