id,area
v37f1105c1,5.547161368604424
03v37f1084,5.677076686116326
06v80f2304,3.1864976179550943
v47f1348c1,3.2942187467582738
03v37f1110,4.568553571874841
01v01f0001,3.098136409946346
v37f1110c2,0.6022021795087092
v80f2304c1,2.6169492982017895
03v37f1081,2.891889765746039
v37f1089c1,7.274388908053098
06v80f2291,4.560283634606499
06v80f2306,2.6249642448134036
06v80f2286,5.421451071631789
06v80f2298,9.71149428292831
80f2306 c1,2.191343036673791
06v80f2299,2.5079224622508516
05v56f1546,2.1330804774197034
04v47f1344,2.231103545373916
03v37f1096,3.4106262823818874
02v18f0547,4.485603084348706
v01f0010c1,0.7123250739813469
02v18f0556,5.718925451197025
04v47f1348,9.077575760691559
06v80f2295,8.298763541633889
01v01f0008,3.0290434642500723
03v37f1097,1.966833755008831
03v37f1095,5.132485218803456
v18f0546c1,2.789492706400628
v37f1095c1,1.359249385809281
04v47f1339,0.919419162201814
05v56f1565,3.3301498600608688
v37f1110c1,2.4217683804417085
v37f1096c1,2.109130195996206
05v56f1558,3.93223635475485
05v56f1548,2.738052898332192
01v01f0010,2.7795285618960706
06v80f2294,4.652908548973351
06v80f2300,3.0970800092507935
02v18f0535,9.233403144704198
02v18f0537,6.434455916143798
02v18f0546,5.742415865503344
02v18f0538,3.3822857630648424
03v37f1105,5.911388005160723
02v18f0545,5.7444504957473095
03v37f1089,10.938349275274168
01v01f0011,4.066588712515754
v37f1081c1,1.0883814170778634
04v47f1345,3.2540881911566153
05v56f1543,6.0300766246895625
v47f1345c1,0.28931177870425456
v37f1084c1,3.922391488837337
02v18f0541,4.686729614316082
05v64f1783,3.2931334392209948
03v39f1155,2.8083289585010696
03v39f1154,2.6772932948151635
02v15f0434,5.299188024102985
v39f1154c1,0.9876064503402953
v39f1170c1,0.7068314244181749
v39f1155c1,2.3662051565649747
01v05f0144,2.7127202088843796
v14f0402c1,3.764294226236088
01v05f0137,1.7983694733829185
06v76f2168,7.9790533275501305
v37f1091c2,5.170799578345747
05v64f1778,1.9995634988253528
06v76f2167,5.230830264773904
01v08f0225,5.704925483989902
02v14f0391,3.035504609140888
03v39f1170,2.5195002735424965
03v37f1091,21.578281648485824
05v64f1781,3.7147396580998135
04v55f1515,1.0641026573405532
01v08f0219,2.8886560877878633
02v14f0395,7.549572510244517
01v05f0149,7.296106579048895
02v22f0663,2.823307111858663
04v43f1233,1.5880442998000068
02v14f0402,6.57006944533273
20v22f0676,5.721228253439975
15f0450 c1,7.312284951917039
03v39f1148,1.3915641026366083
02v15f0450,10.052259598183348
01v03f0070,3.8587891707620043
06v76f2161,1.3184865472485603
v43f1221c1,1.2951516937147056
04v43f1221,3.026983198336338
v37f1091c1,6.2437073684871525
02v14f0413,1.7916280643405955
6v80f2285c,2.131751211047283
02v20f0619,4.748235123871342
01v11f0329,4.145675788891693
02v15f0437,4.150755558328919
02v15f0454,3.72603156545716
02v15f0662,5.175788914241587
01v03f0077,3.855101329536867
v14f0411c1,2.4321173597798285
02v14f0411,3.690508769203305
02v19f0591,2.8084306302979716
02v15f0455,3.065675993062927
04v50f1405,2.490517322318072
05v60f1655,2.7626791158716966
v50f1405c1,1.1376979167621784
02v15f0427,5.861300920437477
02v18f0536,9.032150387948448
06v80f2288,10.336620557002817
04v43f1224,0.39200572043400117
05v60f1658,3.071686774885554
01v03f0084,13.27396789235381
01v02f0044,3.410049411687696
06v80f2285,3.6317166392055515
01v11f0325,3.4942320160699016
06v76f2172,3.667924338324973
04v51f1435,4.14811153316373
04v51f1419,7.852098800544632
02v15f0451,4.702745584732909
05v62f1733,6.67827614990028
02v14f0407,2.7266988763851847
v08f0221c1,1.9148423459754251
05v66f1853,1.7038948750033691
01v08f0215,2.370523550656203
04v46f1320,3.2819043040665545
04v50f1411,2.3175864601792915
46f1320 c1,3.005505563359858
v50f1411c1,0.6094853801154467
06v70f1972,10.940084623977793
01v10f0280,14.28237184457845
06v70f1955,2.3776676084900985
01v10f0295,8.54089191395163
01v12f0345,3.438587228436131
06v70f1980,4.557318658102088
01v08f0212,3.224286773963873
03v28f0828,3.5990005792504016
01v01f0018,2.414700762969671
01v10f0284,11.175759289466237
05v66f1852,2.4355346574841272
51f1419 c1,4.01464770208705
01v08f0221,3.1605365562524996
v28f0828c1,1.7535556644263959
v27f0819c2,1.4007799243461345
04v50f1409,0.7309492514695415
03v28f0852,5.1456582148840875
05v65f1803,6.54014228981272
04v50f1413,7.218575217482793
03v27f0819,5.044401330971436
02v21f0624,2.954139258527093
v75f2133c2,2.0288622473977544
v75f2128c1,11.633224085421075
03v27f0808,1.648747243126355
01v04f0105,2.825706050808008
01v06f0161,1.478435249294423
05v65f1828,4.096654567189411
03v28f0835,5.278190217961139
v50f1413c1,3.3475802185266677
04v50f1404,1.0472129006618802
03v28f0842,3.0645538780406083
02v21f0635,5.021689830802332
v04f0105c1,1.277829640516606
02v21f0648,9.891077427520775
v28f0848c1,4.075223801282604
02v21f0645,4.159103461944079
b05v65f827,3.24308712499325
02v21f0634,3.403960539246329
v28f0835c1,1.4213380207408284
06v75f2128,14.361679461695422
v28f0842c1,2.642229728692857
03v28f0848,7.900948540056197
v27f0819c1,1.2476717893844114
04v50f1397,2.058831890794205
05v65f1819,5.103389570206542
02v21f0641,10.880983024918734
06v75f2133,7.669589294849036
v75f2133c1,1.8182924928639808
06v75f2147,8.81654098091774
03v31f0918,1.7785418415216645
04v53f1458,3.029274528207837
02v25f0730,2.171132813712136
v31f0934c1,6.321238067689179
02v25f0747,4.311832175106599
04v53f1473,2.386445744192086
v31f0917c1,3.1536462970278656
04v53f1461,1.3535995776129843
02v25f0757,5.236449330943078
05v64f1798,5.985187457931141
02v25f0746,7.533643538908086
v31f0909c1,3.687304033134319
01v03f0076,4.4384383192522705
03v31f0917,3.6683877834664913
03v31f0910,8.32523380486389
v31f0915c1,11.633278074212772
v31f0910c1,7.107256891928352
03v31f0924,1.0783025325900313
02v25f0743,3.299593772771801
01v03f0094,7.256146757497449
06v79f2276,1.5841988605072703
02v25f0761,4.00482838514368
03v31f0934,14.161680328218383
03v31f0915,18.046693442965413
01v03f0065,0.6837221399916342
01v03f0072,4.2406528459360615
03v31f0909,4.475641347954973
01v03f0080,2.0931932180165167
05v64f1785,2.1650522327082697
06v79f2253,0.9449978597000348
02v25f0741,2.1531881182509323
04v53f1468,2.0672851347856054
v13f0390c1,1.9862171156082788
06v70f1953,12.679191153937827
02v20f0599,4.243681876940541
02v20f0608,3.1792438426018546
03v37f1100,1.8241303387373573
01v13f0384,1.3689033983125996
03v37f1083,2.790300320321548
02v20f0607,5.582744832471383
05v62f1728,1.5140691134750965
02v20f0600,2.8017543105682767
v37f1104c1,2.4683551175157716
v37f1102c1,3.3950647230028284
02v20f0621,4.106001134016954
02v22f0672,0.9869407641888381
v37f1104c2,1.1885538862995375
03v37f1090,2.2802318134270165
03v37f1104,4.8204571528357425
05v62f1713,2.099217186473166
02v20f0620,1.728651113961577
03v37f1098,2.738249308391637
04v46f1323,1.663547943238437
v37f1109c1,0.8911042617047511
v37f1088c2,4.8820413015485
04v49f1377,3.602320796690879
b04v461311,1.453891676536091
03v37f1088,16.234751917306166
01v13f0390,3.7878945133568327
05v62f1739,7.445474111398314
05v62f1725,6.825181387610512
03v37f1101,4.590691570552396
03v37f1109,1.4344355706870557
v37f1101c1,3.015627272259449
03v37f1102,6.438885016730054
04v49f1390,0.863007365072205
02v20f0605,2.395453967776143
05v62f1732,9.047368161008894
v37f1088c1,3.89404992771475
06v70f1962,2.5708908259870853
v49f1390c1,0.7624363305998677
v46f1311c1,0.5469359773810356
02v22f0666,6.677434792799839
06V77F2203,4.127655051161154
05V57F1571,2.4138189455116357
5v57f1595c,3.144679247200768
V77F2195C1,2.1894848341017537
04V54F1490,2.029226887199449
01V05F0145,3.6625930021774686
05V57F1585,3.0856198826675243
v35f1032c2,0.8485628599016726
04V54F1508,1.239894522273078
01V05F0135,0.38831026513524763
05V57F1597,3.9572531284387913
06V77F2194,2.804398989948322
06V77F2202,3.4162801764554556
04V54F1487,2.2332776281348146
03v35f1024,5.186557332180074
01V05F0143,5.518248245134235
04V54F1502,1.5636441562327568
V54F1487C1,1.2799987103888184
06V77F2199,10.646537005750627
01V05F0140,2.3699600191231553
06V77F2183,3.3794873915572534
06V77F2200,5.870490190822462
03v35f1030,2.200934146090073
03v35f1037,4.458640982090793
V77F2199C1,9.91041470971536
06V77F2195,3.7723061130792304
V54F1488C1,1.0936974494338088
04V54F1488,1.5605266252930838
02v22f0678,1.8858994188001161
06V77F2204,9.881673333298282
03v35f1032,2.3135100579144456
03v35f1036,5.634192778882845
v35f1032c1,0.8898493908807704
v35f1024c1,1.5085163510729542
v35f1037c1,2.2228402406441585
v22f0652c1,0.8665294014725183
v35f1024c2,1.4381528123696912
02v22f0683,4.625532183698037
V57F1595C1,3.144679247200768
03v35f1026,2.3790989332937222
01V05F0126,1.8036614553162624
03v35f1025,5.370498638779943
05V57F1587,2.825102275663507
02v22f0658,3.4670837162101353
v35f1023c1,2.0396811731613314
01V05F0124,1.5172826596035407
02v22f0654,3.6712994999925055
03v35f1033,2.8276754162125313
04V54F1501,1.370633643197596
02v22f0652,1.8861379285031687
02v35f1023,4.160653251162979
05V57F1595,4.999810184642633
04v45f1301,1.0196659259098884
03v34f1001,3.567974091045744
01v08f0206,1.5233558562970912
v34f0993c1,1.2911264078541889
05v68f1915,4.732266363699622
03v34f1013,2.3467209551141797
01v08f0203,3.1785220098355746
v34f1011c1,0.8432985313013652
v34f0998c1,1.9371168728074566
03v34f0990,2.6339904116720283
01v08f0214,0.5936619206639784
02v25f0760,2.685196015974362
01v08f0220,4.3915265624590845
04v45f1290,0.5256521383525927
03v34f0991,3.1993695445691515
05v68f1897,3.562237000632032
06v70f1966,2.973247836454786
01v08f0230,1.9600855028312316
03v34f0998,4.192831881140193
v34f0990c1,1.8291049780442779
03v34f1011,1.7566962532662727
05v68f1904,3.7268741320400003
03v34f0993,1.617726231361424
05v68f1892,2.671434035411534
02v25f0753,5.517234451226091
02v25f0763,30.846827241832596
v34f0998c2,1.372022862805608
06v70f1958,8.840704437720362
05v68f1900,3.2470373247843978
04v45f1294,2.5068533623335703
02v25f0748,5.10856045155151
04v45f1277,2.0717583750570063
v45f1277c1,0.7289425944638154
02v25f0737,3.4857987733843796
05v68f1896,13.541818547006466
03v34f1012,3.3522935597681442
06v70f1965,8.20755121282941
01v08f0207,7.53330627617545
05v68f1916,3.7917081129657566
06v70f1957,4.591160681546195
01v08f0205,4.284433301563445
v34f1013c1,1.5734669034930702
06v70f1971,5.848541669972577
06v70f1979,6.7335874019073225
02v25f0744,2.461522427058873
02v25f0758,2.6302451108662903
03v34f1002,3.1708276268129643
06v70f1961,4.955919620096724
04v45f1276,1.974314284459861
02v25f0754,6.648560663536658
2240133433,11.082316142747107
v39f1172c2,3.285880379181331
v52f1443c1,3.205476157968605
v15f0449c1,4.878288409838614
06v78f2217,7.477304670524697
03v39f1156,2.2375301250941306
06v78f2220,8.314873802768254
v39f1174c1,0.7905996973524222
06v78f2241,7.7878084350457355
06v78f2240,11.082316142747107
02v15f0463,1.9002121871503783
06v78f2218,9.568753076137503
v39f1163c1,1.558338023394137
06v74f2241,7.7878084350457355
v52f1451c1,4.014846580498982
06v78f2234,7.034374528552736
03v39f1163,3.674528235976606
v39f1172c1,3.770541715841939
b0215f0449,7.069672981371323
v39f1165c1,0.8639219042554193
04v52f1443,4.657668761437205
03v39f1174,1.6974770596619633
03v39f1172,8.464379294691087
03v39f1173,2.6981267615682487
04v52f1448,4.639488136415766
-04 125246,9.06813056844626
05v66f1829,3.2530977484563364
05v61f1690,2.64011088800416
03v39f1152,1.8498448061859438
03v39f1165,1.1844678951011574
04v52f1451,8.27952795497074
02v15f0464,2.958693192269461
02v15f0432,2.553761493193921
01v10f0292,2.683877831396389
05v66f1835,9.981828291121953
02v15f0436,4.848976902296591
02v15f0465,3.7993256029193723
04v52f1446,2.210104853565554
02v15f0440,7.653132425612972
01v10f0271,9.06813056844626
05v61f1704,10.558853855135688
04v52f1453,2.5439029330354304
03v39f1175,4.079403363994661
04v52f1440,3.1948919904497233
2218113630,9.568753076137503
04v53f1474,4.184370333645592
06v71f2002,4.207420721452387
v39f1178c1,4.926012222683862
01v12f0346,1.7662461421874793
02v20f0611,7.072426893047877
02v20f0606,3.941453004659575
03v39f1167,3.2126433522769124
02v19f0590,4.108245911673673
05v63f1752,2.12216708335585
03v36f1059,1.265283228745483
02v19f0587,3.3239605876239664
05v63f1768,2.8551727562478306
03v35f1034,4.318766624419728
04v47f1353,4.9383298042130415
01v11f0300,1.3843996718137037
03v39f1171,3.939468177793453
04v53f1470,2.9131288625149
02v19f0592,2.200763747697088
03v39f1178,4.976895656626449
01v11f0321,3.4269846929934324
04v53f1476,2.4734300137374077
02v19f0571,9.133145136012402
02v19f0589,5.992357432186395
01v11f0318,3.000781307743865
06v71f1990,6.09286934400913
03v32f0954,1.523362000247607
04v47f1336,1.4331743629881255
03v27f0818,0.7112222643963955
03v27f0807,6.691560525219998
v19f0588c1,6.081544538981515
04v48f1375,2.166550132353292
v19f0590c1,2.8537852108747703
03v27f0803,2.820771648819369
02v19f0588,7.722294379572361
02v26f0778,2.038285441182482
01v09f0241,7.355105076714917
04v45f1278,3.87009327226603
05v60f1664,9.06245971116656
01v01f0005,1.4739485089392301
02v26f0776,5.214413074702261
06v79f2247,2.5847911606752847
01v05f0146,2.404333634289837
01v09f0262,9.906436317003301
02v26f0784,8.361443976588529
04v55f1535,4.587351152021626
55f1535 c1,2.917337173272023
v45f1278c1,1.9204190121809468
05v60f1666,3.78739681596085
01v01f0026,2.585115449076849
01v05f0139,0.6241274904295919
06v71f1998,5.7413570554628235
v26f0784c1,3.9792667106105757
01v01f0029,6.238299144155889
06v71f1986,7.1461742250247084
01v05f0132,2.549470711347275
02v16f0493,6.998152935131213
v16f0484c1,2.829966389326518
v32f0950c1,6.599330965904306
06v72f2029,1.6391410497913534
v32f0967c2,1.339520110344903
05v66f1845,5.065959806005424
v32f0967c1,1.3216461626983165
03v32f0968,4.184158466802464
05v63f1756,4.296797123488675
02v16f0482,6.076110533454949
05v66f1844,3.6208742382788173
v32f0958c1,1.4757170521900231
02v16f0497,2.5033536348736822
04v45f1289,2.1442891008446097
03v32f0952,1.9652194953755824
02v16f0480,5.9325790922452555
06v72f2036,2.555564715050529
v32f0968c1,2.532390578616114
v45f1298c1,1.0539242125975952
02v16f0475,4.258471781604138
02v16f0484,11.812929055618666
04v45f1303,3.0974749342235293
v32f0956c1,2.6731802812396945
05v63f1751,7.214586065745215
v45f1300c1,3.1318856784631266
v16f0493c1,2.961609065690575
v16f0482c1,3.1395980700087387
01v11f0314,3.8349008026873856
04v45f1291,0.8390857282316286
05v63f1757,2.2775434378288284
v16f0475c1,1.984300468938784
03v32f0967,4.145024611511947
01v11f0326,5.284964700359047
v45f1299c1,2.036022295372541
06v72f2033,3.060749932874081
5v66f1844c,2.0006861850821025
04v45f1299,5.938181646855385
03v32f0966,5.730499258650185
03v32f0950,7.813434756466325
03v32f0956,5.25197926933473
05v63f1767,2.9336610316123144
04v45f1300,4.346207818555989
03v32f0946,2.9300565500529783
03v32f0955,0.4259365189494385
04v45f1298,1.521691109536752
03v32f0958,1.855679275546979
01v11f0310,4.255422146750104
03v37f1086,3.120287107691302
01v05f0123,9.924508765103425
v73f2087c1,4.1777388784711755
01v01f0024,3.1347058573092617
01v01f0021,4.447953808945543
01v05f0129,8.466160142104224
v73f2065c1,6.637768405136138
02v15f0425,13.958586802658983
06v73f2087,6.056815194038051
04v49f1380,2.4380283406270773
01v01f0015,3.165977216852901
01v05f0131,1.8200372714984583
01v10f0274,4.703711480506311
02v18f0561,2.7912595560166005
v37f1086c1,1.5418370572952333
03v36f1065,2.86061466072552
06v73f2044,7.858979811826382
15f0425 c1,11.958109279486715
01v05f0142,7.283892175395263
v49f1380c1,0.8818942752903858
02v15f0446,8.881293773649364
06v73f2065,12.76238641774778
01v13f0377,2.45894514058156
04v50f1398,1.6094997199708612
06v75f2123,2.274122442394291
04v50f1408,1.6332585011977407
06v75f2135,4.503213584745243
06v75f2125,5.510084717286718
05v59f1638,5.318061741362775
06v75f2143,3.6656516104571777
v28f0834c1,2.071086192920681
06v75f2136,3.443885084956302
02v23f0699,7.2761624771468405
v23f0699c1,4.740240902434346
01v13f0372,4.416486863305006
01v13f0386,1.4680451720766685
02v23f0700,2.1193230056068164
05v59f1637,2.3299580350249736
03v28f0853,2.428182889861677
03v28f0830,10.768947970277694
05v59f1627,2.446818901799801
03v28f0834,2.899030518670382
06v75f2130,3.2987823381006716
01v13f0385,0.7479423630536483
03v28f0850,14.442686425700279
06v75f2131,7.451845526074735
06v75f2129,3.1828001985338488
02v23f0696,5.951282266537639
01v13f0370,6.294222127821908
04v50f1415,1.6610500438358218
03v28f0844,2.5364752840839118
03v28f0845,7.115886368900439
05v59f1630,9.701978796774469
03v28f0839,3.5354855128246863
v28f0830c1,5.690047632755862
02v23f0694,9.450766367501064
05v59f1645,3.0120293838015986
01v13f0383,1.9839040493125706
02v23f0692,4.0413245211273905
02v23f0702,7.584248811836211
03v28f0841,8.235518298764044
04v49f1384,2.0804697263030905
04v50f1400,1.0072053062134265
04v49f1379,1.1856850189833694
05v59f1653,8.283858425234234
02v23f0697,3.9799024048075338
02v23f0690,4.843695339096553
06v74f2097,0.6969987827215517
01v09f0254,1.121494072032792
02v17f0512,16.079658413451323
04v46f1327,2.882273586107048
03v30f0882,2.233975578782044
04v55f1525,3.799841697943202
v46f1324c1,2.6838756164777005
02v16f0471,4.468754210266855
02v16f0491,4.346495914726743
02v15f0431,6.400843400757273
02v16f0467,2.364062449895452
03v34f0994,1.6681664587727238
06v75f2132,7.343224136910229
03v29f0878,2.8774406621055015
v34f0994c1,0.7952565780270553
v55f1525c1,0.4493568518075135
01v11f0323,4.081804072809086
01v11f0309,1.9965520224857007
05v68f1910,3.743147915400478
02v17f0523,2.509987799301591
04v46f1324,3.4501674920823713
02v23f0693,4.291038162870323
v29f0879c1,2.1568266032296632
05v68f1919,0.49607809463300007
02v17f0520,1.498382575431379
06v75f2142,4.893702288085433
06v75f2121,4.015727310116383
03v29f0879,4.148909529552583
03v36f1066,6.0248250024775425
05v61f1711,6.667523353407558
03v36f1056,3.9864286925860553
04v53f1464,7.083817808037063
06v69f1936,13.402127042687077
06v69f1930,4.897995447339667
03v36f1057,5.688729208494661
06v81f2331,13.379677419476485
04v53f1459,2.853304107354658
v69f1936c1,6.645606293875864
04v53f1480,1.3268834376342047
03v36f1179,1.9287817512200056
v81f2331c1,7.620518147698392
03v36f1071,2.4342373562166393
03v36f1073,3.6118012568076865
05v61f1706,4.320779898950297
06v69f1927,5.359236694054214
01v01f0033,1.9214075111129019
01v01f0019,4.398132984563209
04v53f1472,1.971558158921193
02v22f0673,5.157843315888632
06v81f2334,2.4995336829181283
v53f1483c1,1.9607861625070386
v36f1073c1,2.92060391237883
v22f0656c1,1.5023494683815064
01v01f0002,2.0621079884280338
05v61f1705,3.0092158591014675
v22f0665c1,3.684403068776127
v01f0004c1,5.621787459774927
v36f1056c1,1.9830008595394097
05v61f1712,3.3697017872483297
04v53f1483,3.4465679008689176
v36f1051c1,3.8275570166137345
02v22f0665,3.9164200930876345
05v61f1708,2.964685251947794
03v36f1051,4.906478124614876
v53f1464 1,3.968618166313101
03v36f1068,1.344938801775392
01v01f0017,4.030921780914493
06v69f1950,4.738656014959497
02v22f0682,1.3267928240081417
01v01f0004,6.002466230437812
02v22f0664,8.969865753125436
03v36f1063,2.1392176375920338
04v53f1467,1.7922533254128437
02v22f0656,4.167374685664386
05v59f1634,12.964535897599912
v12f0362c2,3.2422271810180447
02v24f0727,9.02788304178109
06v73f2070,5.471338026141296
04v52f1437,4.763766765365878
04v52f1445,9.135131839736083
v52f1438c1,2.094263105052281
02v24f0713,2.6175991377724372
02v24f0715,2.8104565593715454
05v59f1641,5.461633157998626
02v24f0708,7.5254529113572985
03v38f1133,1.4751488665654597
v52f1447c1,7.586980855151796
06v73f2061,5.820941622214988
v52f1445c1,4.8931141047765925
b05v591635,6.690577527552838
03v38f1128,3.4325456379046293
01v12f0341,2.700136709230409
01v12f0359,3.7090187482934085
03v38f1116,12.021502924640787
02v24f0717,7.907702322996992
03v39f1150,2.197178829042758
v39f1150c1,1.8709622120769973
04v52f1438,2.660522469923935
06v73f2072,5.791194035147605
01v12f0344,5.631945441706033
06v73f2071,3.1042557662362866
01v12f0351,1.9749060942177612
03v38f1123,3.7883239129431483
06v73f2076,0.9892984418747935
01v12f0362,5.504017532324698
05v59f1654,6.735662512966303
04v52f1447,13.367397604786088
v38f1116c1,6.783400146720589
v12f0362c1,0.8325474480871804
04v51f1425,1.3635937524107953
v30f0888c1,1.4428369400824328
02v26f0772,4.550278953855883
01v05f0148,1.7560087819571069
03v30f0897,2.908592758686889
02v23f0686,2.716069354991297
v46f1310c1,2.385816474920633
02v26f0771,2.6985431594556264
04v45f1287,2.992357833371791
v45f1293c1,2.392641754347956
04v46f1314,1.1500470373875138
03v30f0885,4.205574206230512
02v26f0795,1.8345276126324006
01v07f0174,2.8119954312514066
v30f0897c2,1.0423491181934095
05f0125c-1,1.2241941311342428
v26f0764c1,6.708503239375537
05v66f1839,2.6315537839695207
01v05f0125,3.6272469724976237
02v26f0787,6.941708084059803
04v45f1293,3.1340595166518446
05v59f1642,7.171628617971874
02v26f0764,14.628653101684115
03v30f0888,2.3067490029476914
06v69f1931,4.623490753156528
v81f2320c1,3.985913065698383
01v03f0087,2.7001173099388067
02v23f0685,4.6189334254798835
v30f0897c1,1.4653324249235713
03v30f0889,0.8734916299755152
v30f0887c1,2.301073748266261
06v81f2320,9.420372724994595
06v81f2319,6.524295974945044
02v26f0766,2.9293287047619487
01v07f0190,2.7006325683198757
03v30f0887,1.1262920412877033
06v81f2317,4.267944453666553
04v46f1310,4.489771062502541
03v35f1028,2.0137952938944186
02v15f0444,4.5603688182835835
05v68f1905,2.679092591790073
04v47f1335,2.1521150140734853
02v15f0445,3.7192260036882194
04v47f1340,5.569993028145216
v47f1340c1,2.4592160247408215
06v74f2116,2.716717400076647
02v15f0439,6.12632545273966
v35f1021c2,2.5965242718331694
04v48f1360,9.056721911385686
v47f1339c1,0.49061900170115474
v35f1021c1,2.831381588963096
05v68f1891,4.423600214523221
v35f1028c1,1.7446780926555645
03v35f1041,0.9246879716733043
06v74f2088,3.363812398007793
02v15f0428,15.092831028268918
03v35f1035,9.124260091964778
v48f1371c1,0.9700860836487758
v35f1040c1,1.0716185731407615
01v08f0233,1.9179178722776649
04v48f1364,2.577818173408784
04v48f1371,6.4014704980603545
01v08f0238,2.4954460743433042
v35f1029c1,1.8409597894008796
04v47f1354,2.6217267091685326
01v35f1040,3.7260350228036287
01v08f0226,1.5245010380064161
04v48f1376,2.0221580359470197
v35f1035c1,6.494631737702209
06v74f2091,7.4416215045990555
01v08f0217,3.046076910677543
v48f1360c1,4.7447344622998635
03v35f1029,2.3789869261664545
05v68f1895,4.522831862300024
05v68f1912,4.716038859234478
01v08f0216,5.043390356505889
06v74f2109,3.457753037572219
03v35f1021,5.897125948315343
06v79f2245,4.944042279248986
04v55f1523,4.118620179071878
01v07f0179,1.4278678115865218
04v55f1522,2.8047019713171055
05v65f1821,2.917359511920144
02v26f0791,6.148571574207418
06v79f2260,2.2056109942379676
v55f1531c1,2.241928862639186
v55f1522c1,0.9235609792655782
06v71f2013,3.2409671797377655
02v26f0794,3.6974125559086612
03v30f0883,16.396519191064414
05v65f1822,2.3658458504797086
02v26f0789,5.3556087701334105
01v07f0193,1.5172281570774495
v30f0907c1,1.502427260281307
04v55f1516,0.7850368014278092
v30f0883c1,6.631102238180119
06v71f2006,12.97860560194058
02v26f0779,4.56619125661033
04v55f1512,4.478886746578091
01v07f0194,1.091815247699784
v55f1523c1,2.9401075250299114
06v71f1997,3.662293041402478
06v79f2257,1.7758733422951158
06v71f1987,5.675829640839924
05v65f1824,4.506455396619499
01v07f0184,7.627988801475121
02v26f0767,3.0546746281016643
05v65f1809,15.777840321194054
03v30f0902,1.822942136050385
04v55f1531,7.51966286124646
06v79f2261,3.1584594788754496
01v07f0187,1.6967542386063486
v55f1531c2,1.824140482885256
05v65f1825,6.971661486736698
04v55f1511,1.5836254709733604
06v71f2010,6.1209356291903045
05v65f1813,3.533563882197869
03v30f0907,3.2995519019541
02v26f0796,3.6853440322957742
03v30f0900,2.3623502954438624
01v07f0176,2.0592907563297262
01v07f0185,3.427164375277605
03v30f0892,1.4234789120249798
05v68f1922,1.6331236724454
02v17f0529,2.3229648739696587
v54f1494c1,2.706365971189235
02v17f0501,3.4081055320198943
03v31f0916,5.263955716648472
03v31f0935,2.8069824242075163
05v60f1672,2.828994316366862
02v17f0516,3.2931625889463363
03v34f1005,2.554756733705085
03v31f0919,8.955216083221396
02v17f0517,3.8601846335525054
v31f0935c1,1.2067440100250775
v54f1509c1,3.60617146192962
02v17f0511,10.22570833977983
05v68f1893,3.1366375622619866
17f0511 c1,4.958829128992696
01v07f0188,3.9361174519822932
01v10f0296,14.192317334004072
03v34f1015,0.7009409277288352
v31f0916c1,3.496680822421383
04v54f1504,1.8641085571100005
06v76f2163,2.364077684077731
04v55f1513,0.9161873186240223
v34f1005c1,1.9482067043218319
06v76f2170,9.941645572117535
04v55f1526,4.268610052983085
v31f0919c1,3.18700498057135
02v17f0532,5.35319951197327
v17f0509c1,7.037021270519771
03v34f1016,2.4430258616246205
05v68f1898,2.2844504638454115
06v76f2178,1.8034700468250482
02v17f0509,3.209631762527922
04v54f1494,6.1703978190720115
04v55f1510,4.121535078085082
05v68f1921,1.3040037352603695
06v76f2152,2.9357098211060895
03v34f1010,5.713701708700922
04v54f1509,5.750977923080984
01v07f0173,1.0136923075892086
v34f1010c1,2.087727544326197
04v47f1334,2.591219010361735
04v46f1316,8.695933427287699
02v21f0632,9.39050442069119
06v81f2336,4.327957666685267
02v21f0650,4.970347860824364
v46f1316c2,0.8871695166850844
v45f1281c1,1.6705542736724006
06v81f2326,7.0326168498271775
v46f1316c1,2.2847518076831954
04v47f1347,2.965259707566655
01v07f0186,7.276441688147384
02v24f0718,1.5405769076019344
05v66f1851,2.9762944586217186
01v05f0128,3.9282927148479674
02v24f0722,14.782991657133827
v47f1334c1,0.8650347389910642
v05f0128c1,1.6906025906655684
04v46f1328,1.6179247330376154
01v04f0119,2.2771896535694056
02v21f0626,4.183077777259021
04v55f1529,1.347218779407719
05v59f1628,2.044407281462625
04v43f1223,1.490753983502855
04v45f1281,3.164749877307291
v24f0718c1,1.1046640548868423
06v81f2332,5.8522319746119775
04v47f1355,1.368319468110138
04v55f1532,4.8849985457544935
01v07f0196,3.296183501158942
v81f2326c1,3.5544943276878
v55f1532c1,4.001417553627133
v37f1087c1,1.0415351122224112
04v47f1343,1.0423796886618024
03v32f0945,6.05933137729539
v32f0945c1,0.8686670280848693
03v36f1058,3.509786697286216
03v32f0957,1.8321991372863953
02v20f0616,4.025356589227932
05v64f1790,4.815321806993482
02v20f0610,3.026403877544391
01v07f0200,3.539685506929159
06v75f2139,3.102598670126794
03v36f1067,3.099062267048065
03v37f1087,1.3647003651200857
05v64f1789,2.0564918843606605
v75f2144c1,6.675727854304218
v37f1082c1,1.6281596854690534
01v06f0152,2.5723159204826547
06v75f2146,5.136263905112467
06v75f2127,4.804932045092092
02v21f0633,6.161367718123489
v32f0945c2,4.372866860053677
01v07f0198,1.544403332947674
01v06f0170,2.282218876510757
06v75f2144,10.196381162226874
04v55f1520,1.1089714741466508
01v06f0156,4.641935352400499
02v21f0639,2.923963897889957
v36f1058c1,1.8558509342927743
v07f0198c1,0.9617556488744753
v21f0646c1,5.273993350819663
02v21f0646,9.244475648352024
02v24f0707,6.999558574543052
05v65f1826,3.760018995618586
03v37f1082,5.333153453607601
04v47f1338,3.78610720335872
04v55f1518,2.8828814604259048
02v20f0596,2.9597412723489342
01v04f0097,3.4055265821631315
06v75f2137,4.277818870994374
06v75f2141,2.285478808110062
v37f1082c2,1.1108947466247685
02v24f0728,4.407854398037401
01v07f0197,3.3294536582638714
02v16f0489,17.67821476672646
04v52f1449,4.4174649587051995
01v11f0301,5.955794893604322
04v55f1530,4.670402543901004
v16f0489c1,4.596000605209866
01v10f0282,5.920908985471175
02v16f0472,4.063924736592346
05v68f1911,8.346152356177566
01v11f0306,7.102932140210492
v11f0301c1,4.603276434359692
04v48f1374,3.89054883884117
01v06f0164,1.9538355215345993
v16f0489c2,3.178640946237628
v11f0306c1,6.148818320560558
v16f0489c3,3.135660636259605
04v55f1534,1.982365667992924
01v07f0201,5.975072858265003
v16f0472c1,2.218391117504416
v52f1449c1,1.8091642659268163
01v11f0327,9.009472317076712
v16f0478c1,13.024750835089275
v39f1161c1,1.3461329641152524
01v09f0247,2.519081371109444
v16f0474c1,5.135931544919825
03v39f1161,2.0450719788208125
05v62f1729,7.715567156355944
06v70f1954,13.146780804596894
v54f1500c1,0.9340039845731942
v46f1322c1,1.7458563424491367
02v17f0526,2.6019809779406162
03v39f1151,3.0200692161021347
02v17f0522,5.483711201762416
01v08f0237,4.118271215137919
02v16f0490,2.9049766507771824
04v52f1442,2.790409198294098
06v70f1974,7.309276568226764
04v46f1322,3.03788625130691
01v09f0245,3.477102031746444
02v17f0525,1.4824402190348163
05v62f1745,3.230443319821446
03v39f1164,1.9996447939646231
02v16f0487,5.8864331891760235
06v70f1968,2.9635252790270656
03v38f1135,6.547630191153191
03v38f1145,2.1719876140324894
v16f0490c1,1.515196946040716
v38f1135c1,6.195483900825097
v38f1145c1,1.934148811341972
05v62f1715,3.7612051394108588
v16f0468c1,3.5214072400192094
02v16f0474,7.861440870850072
02v16f0468,9.995944427259287
01v09f0260,0.7880877039931774
01v09f0257,1.92670043787499
03v39f1160,2.643925129744865
04v54f1503,5.777883756043408
v54f1503c1,1.2696567679495643
v54f1500c2,2.1225703132712295
04v54f1500,5.08776536037494
v16f0487c1,3.0753399121595986
04v54f1491,3.44617802614818
05v65f1816,2.5367059249507626
02v16f0478,34.43217331751386
02v17f0499,7.139753827146685
02v16f0488,4.153539774175997
04v52f1455,5.036687519052158
01v08f0211,2.595630175239007
01v08f0234,1.328968438529974
01v08f0222,8.965235105319692
03v31f0920,13.81586939309037
02v19f0582,3.0245910024251357
05v60f1680,2.0456784193775768
v31f0933c1,4.353564838220516
06v76f2166,2.430074748278644
v43f1240c1,4.165738930555303
03v31f0933,9.002010858505885
v31f0925c1,6.114407475457578
02v19f0564,5.080896046659751
06v76f2159,1.8732243860020403
03v31f0925,9.643568078610334
04v53f1478,2.1289503028337995
06v76f2164,6.660363959039461
01v12f0356,6.300645575147921
02v19f0568,2.3474665295340396
v31f0923c1,1.3342469169485158
05v60f1662,2.212022184397489
v31f0920c1,2.8977014938299184
03v31f0923,1.9301608352382897
06v76f2158,6.045437152070991
v31f0940c1,1.634234690520916
05v60f1685,4.876886457296392
05v60f1676,2.9966600922356172
02v19f0566,3.551182776068116
04v43f1234,3.5965194274143744
01v12f0355,2.003562508574859
03v31f0913,4.599127480541579
3v310938c2,4.424510908226609
01v12f0365,4.852864482608508
02v19f0583,6.787575140085226
03v31f0940,5.325958069792006
06v76f2157,7.112356863646567
03v31f0928,3.192561547567344
v31f0920c2,2.4146743511450337
04v43f1225,0.7810728793939786
03v31f0921,2.736734914903475
04v43f1240,5.061500586598452
02v19f0572,9.378194461833962
06v76f2155,2.940762951627703
03v31f0938,9.224804182609416
76f2157 c1,3.6393787463207112
v53f1478c1,1.6188337141814075
01v12f0363,4.774870801210613
v31f0928c1,1.4187075336536286
76f2155 c1,1.3522942455050964
v31f0921c1,2.0344663163159793
02v19f0585,1.8514252794416008
01v12f0347,1.4839631187083995
v31f0938c1,3.034018836602643
76f2164 c1,2.3305256018475653
03v27f0802,0.8027624060564511
04v53f1460,2.122017098220724
03v27f0822,0.6114023127526349
v27f0823c1,1.83324266741515
05v57f1573,4.253750675381191
03v27f0810,4.5208074486292675
05v56f1564,2.891971063976841
02v25f0769,4.482811625880333
04v53f1471,7.293629954784479
01v08f0229,1.7997176238531252
05v56f1552,3.909025727622055
01v03f0082,1.5744683862447952
06v73f2064,4.350919792590815
03v27f0806,6.906866751265724
02v25f0735,3.142813255877203
03v27f0823,7.945530267338377
03v27f0824,2.4249250675017007
04v44f1273,4.107375179279828
01v08f0235,1.5416937790107956
04v51f1432,4.464497824336811
06v73f2062,3.69565903055743
v73f2062c1,2.8378406264642257
01v03f0091,3.311153759037005
05v56f1562,1.3040578944777972
v27f0806c1,4.424357001951557
01v08f0224,4.089839188969265
04v44f1265,5.063784592040597
02v15f0442,6.440150205195503
02v25f0734,5.3064677066113735
v44f1273c1,1.7531035576731029
v51f1432c1,2.57625018415167
v03f0091c1,2.3609220069123307
02v25f0740,3.0441859189954115
v53f1471c1,4.045396576107246
v27f0824c1,1.8086488825309046
01v08f0209,4.004364198936824
02v25f0756,7.4653737525389365
02v15f0426,9.881585222931998
02v25f0762,5.464177515492069
02V24F0704,13.919001299538277
01V06F0166,5.572658665920173
03V29F0868,2.120092350054917
V24F0725C1,6.733048511028242
05V63F1770,2.150332439496668
03V29F0859,4.3144466480551635
03V29F0872,1.4737481793172371
06V73F2046,0.9914256152812797
02V24F0729,4.13553939029007
02V24F0706,9.644560742715193
03V29F0864,1.6730186853361555
06V73F2058,3.5273518575722558
03V29F0881,2.0144611340169853
01V06F0169,3.093168393453822
02V24F0724,7.015984863093348
05V63F1750,5.543088826256873
05V63F1762,2.015093863778484
01V06F0155,1.5277599544224627
02V24F0712,3.8473403147319303
04V44F1249,1.8770251973561982
06V73F2049,9.662638687249208
04V44F1260,1.807701328233208
05V63F1773,1.817589991309971
01V06F0158,3.1315179591465925
04V44F1253,3.0973072113392592
06V73F2085,2.2759265120622305
06V73F2055,4.720384961536425
01V06F0153,4.1781881962263885
02V24F0716,11.793552982367624
04V44F1263,1.1198933897481465
V24F0716C1,7.733963363930538
05V63F1772,4.3667360587889545
02V24F0720,6.34145943318157
06V73F2060,11.073294445031937
02V24F0725,13.249708438766207
01V04F0101,1.4171305798290807
04V44F1264,2.925417230101466
01V06F0157,1.5506993121746366
06V73F2067,7.287021708181305
06V73F2074,2.164771690931807
04V44F1268,6.717564174857982
01v12f0334,4.5618466165318345
02v24f0702,4.1092820935272805
06v72f2041,6.345972241714681
6v72f2041c,2.1669750106794896
02v19f0576,8.791596154663683
05v68f1907,5.414018459785028
04v55f1524,2.829692437658818
06v72f2021,1.9386731157375392
v18f0563c1,5.073155754064362
01v12f0335,4.828454401703003
05v56f1542,1.8988883149658033
11f0332-c1,6.570668732005487
04v50f1414,1.7886323573872367
02v19f0570,2.4717672201931356
02v18f0554,7.18674309154009
02v18f0549,11.002697216592141
01v11f0332,10.986683809211263
01v11f0304,3.1566807028549784
01v12f0348,4.490575834208197
01v11f0307,4.799304775892038
04v55f1528,9.32297054712998
06v73f2050,4.363286784912941
04v55f1517,2.4398870345245443
v55f1524c1,1.0674535232552205
01v11f0302,7.455806572899677
02v18f0563,11.66153284181071
04v55f1533,2.1918338449231074
v35f1031c1,1.2202796407318879
03v32f0949,4.280881491197
03v38f1115,3.7809924623311524
02v18f0562,4.20411418809156
02v24f0709,3.7266690715834447
03v38f1130,2.9963751376576213
05v56f1556,2.2314470560287942
v32f0949c1,3.0251321915148472
06v73f2083,4.543265014389646
01v07f0183,4.874146499413669
01v07f0171,3.00884210867992
03v35f1031,1.529426200553751
01v07f0191,2.1558544144201437
04v49f1383,4.429226618045721
05v65f1802,3.0826750628543804
04v43f1248,0.3320428763135443
01v02f0066,2.1431913979302957
02v22f0677,3.4087420419324594
49f1392 c1,0.7726809038471109
01v02f0062,2.5661970139003114
05v66f1849,0.9870173380765462
02v25f0739,3.466888661510802
v39f1157c1,1.5103794910431756
06v75f2140,3.017579528385115
03v30f0886,1.6205280157690114
02v22f0674,1.7069705460234785
06v78f2221,4.224502787970487
01v10f0294,5.281315175031042
03v39f1157,2.2495874872773887
02v25f0751,5.444813972561126
04v44f1259,2.360382101965719
v44f1259c1,1.2491938864441001
v65f1802c1,1.5691568676357366
47f1352 c1,1.6921691738418594
v30f0886c1,0.7284231242344059
v35f1038c1,7.248160387673155
04v47f1352,5.580573516511046
05v63f1765,5.921619657228733
06v78f2227,3.766817907627692
01v02f0040,4.067460857620771
03v35f1038,14.127726970004126
04v49f1392,4.944260458489803
06v78f2224,4.994850474926955
01v10f0287,9.953462822371916
05v63f1759,4.420540819030802
04v47f1342,0.48900268718057754
03v37f1107,7.184330063333795
06v71f1985,7.449799011087942
04v48f1366,1.2367917347826034
06v71f2000,3.7505724205642914
03v37f1103,3.564682748406995
03v38f1143,3.8265269876927923
03v38f1144,3.6542193542784056
01v06f0162,8.365651358963511
02v26f0792,4.369539352635889
03v38f1121,3.07309006313548
02v15f0457,3.4223442816521925
02v26f0788,2.7018401110206143
05v64f1793,3.556567271517556
02v20f0618,2.3939436141605035
v38f1121c1,1.712643005645101
v47f1349c1,3.3221276102504693
01v03f0092,6.48597213015036
v37f1111c1,1.9437453824155564
v37f1107c1,5.214003442122267
01v03f0081,1.8312561816437396
02v26f0793,5.144451004487047
02v21f0649,10.856625664593253
01v04f0102,3.179291381939273
02v21f0636,7.998623876146226
04v47f1349,5.701795466450251
03v37f1106,2.9077094578462614
03v37f1111,4.173047121012141
01v06f0168,1.6837832364500556
03v39f1177,2.414540740169614
06v71f2001,12.094521286593753
04v48f1369,2.7063458509823266
v37f1103c1,2.1934798468023446
3v371106c1,1.8819091374192252
02v20f0609,2.7184981799782926
v38f1144c1,1.3886419362980134
02v15f0459,6.2519274160911795
01v01f0023,1.879075506334036
v33f0980c1,0.7699228833498126
02v17f0518,13.031318997796461
01v01f0030,2.1738692781088758
02v19f0577,4.260746132076943
04v50f1412,1.0246245564527192
05v64f1788,3.2941459443340193
01v01f0028,1.6456544886041515
02v17f0513,5.680535918190395
01v01f0034,0.867197239566752
06v71f1994,17.33133862922511
05v64f1797,3.770038855778689
06v79f2270,1.7104592099250429
03v31f0930,2.579548997978296
v17f0518c1,10.59381475259119
03v33f0980,2.3068715105012036
06v79f2268,3.0560662713583215
01v03f0066,3.6885372973575152
v50f1416c1,1.3933040567384187
04v50f1399,7.918310429241709
01v03f0083,6.172820939482597
03v33f0971,1.0359900277667773
v33f0985c1,1.0927626179333085
05v64f1794,3.2633662378210415
03v29f0856,1.26908689238505
02v25f0733,3.5695506124836203
v50f1399c1,2.9563896155903984
01v01f0013,2.1429578159705005
01v05f0133,3.8177341081878358
01v12f0353,2.9831423567564137
02v25f0742,2.8720114782979476
04v50f1416,3.193007024072205
02v25f0732,2.0409120644859264
v31f0930c1,2.1276711012984513
03v33f0985,1.467026805779022
02v19f0584,3.9744098607224387
04V43F1227,1.1754219402426223
02V21F0644,5.284559457519959
01V04F0118,5.0600329240319954
03V27F0798,3.3727040205522814
01V04F0117,1.979368725446445
06V72F2038,13.817215607589073
03V27F0801,3.1470560309510383
04V43F1237,2.9741184861385848
05V56F1545,2.341082859453395
02V21F0631,2.279331388142964
01v04f0104,2.4782970595889973
V72F2040C1,2.682759802299668
01V04F0121,2.399403160328313
V43F1237C1,1.4859100889375296
04V43F1230,1.6523793103976614
V72F2040C2,2.1560222716175255
V72F2038C1,10.08041428500046
03V27F0809,0.8836710452400108
V27F0817C1,2.890873482272309
02V21F0643,6.816330656923765
06V72F2040,15.236058834439417
02V21F0642,6.27334335146403
3V270801C1,2.48091894560994
V27F0798C1,1.6897687402711847
01V04F0112,1.0566538295600185
04V43F1238,3.7823615901864924
06V72F2031,0.9941479006329741
03V27F0817,3.5278678404611523
01V04F0100,1.2869790774468908
05V56F1550,2.13887752280713
02V21F0651,7.454245226459956
02V21F0629,6.753441961650188
V51F1426C1,2.079804951483826
03v36f1064,2.4826996012599083
v36f1052c1,2.4921223558814702
02v20f0593,1.2935818067539735
v36f1061c1,2.0441844363329196
03v36f1050,2.7473648617036055
02v20f0594,2.1169022067241277
03v36f1070,4.693541392081341
06V69F1944,4.95137021596038
04V51F1417,1.3999726973636994
69F1938 C1,1.7753927065133435
03v36f1049,1.693553243662691
1791164601,5.091310946903405
v36f1053c1,1.8003986887391357
01V03F0074,2.6261813701697028
04V51F1434,2.8199608527293085
06V69F1941,11.109859451750728
V03F0073C1,3.8232612902805814
02v20f0598,2.721487890688774
v36f1069c1,1.8149337625945858
02v20f0612,1.3077294164480642
02v20f0614,3.2107521341754306
06V69F1938,3.0346866528173373
03v36f1069,4.307764272999096
1776125850,2.004462262940822
01V03F0069,3.6599204563814745
V81F2316C1,3.3255628265783637
03v36f1080,2.031210584761404
1787105420,3.997435362349316
04V51F1436,0.8672471747599734
1786153648,2.590392038807885
03F0069-C1,2.78471793036685
01V03F0096,2.884640937351245
81F2333 C1,3.28911895371137
06V81F2333,3.319292538860752
05V64F1782,1.4802929185437026
01V03F0073,4.846149524476634
06V69F1940,8.378973292445197
02v20f0615,3.5556614274562093
04V51F1433,2.129838958214491
04V51F1426,3.265551482287491
01V03F0068,12.626542550511667
69F1944 C1,2.588462643546647
04V51F1423,2.2065782471574664
03v36f1061,5.522681047013077
06V81F2316,5.686658729205471
03v36f1053,2.809733934616876
03v36f1052,9.79861046510686
v36f1070c1,2.9790728201009857
01V03F0090,6.824405687531558
01V03F0088,1.7624099350709264
69F1941 C1,3.375902814991547
01V03F0089,11.675129269263996
05v56f1547,1.2077652047815448
02v26f0775,5.667649252931354
04v44f1261,2.1627579941406125
02v22f0680,4.319429952510988
05v57f1584,6.230811541493815
v30f0904c1,2.990977429129541
02v16f0495,9.15393931350851
03v30f0899,8.70428714042701
v30f0896c1,4.879034451406326
04v55f1527,4.689575716438117
04v46f1313,3.160261697813576
06v74f2104,9.046886184091994
06v75f2126,5.035830076645486
02v26f0769,1.7058563549974528
v44f1261c1,1.798675336035345
06v75f2145,6.81854880310739
05v56f1559,2.5932958887681967
v46f1313c1,1.229230772240808
06v74f2089,4.299723386883748
03v30f0896,6.232063863464157
03v29f0869,1.46758736799731
04v53f1475,0.9047014226609866
05v56f1554,3.3287125295371767
03v29f0865,9.836161078449935
02v16f0492,6.991066975053958
v16f0492c1,3.5443359789669238
02v26f0768,9.925800307865117
02v22f0667,8.567807321572516
06v74f2092,5.46993003135604
03v30f0904,3.5012782103711992
01v09f0268,4.716611358847758
06v74f2098,7.56423661305002
v38f1132c1,4.655276494862769
v38f1142c1,4.823826300584139
01v09f0248,1.4127191509936188
05v60f1679,3.0905045460029585
01v09f0239,1.9260421088643904
04v46f1317,1.3738446681596235
02v14f0423,5.723452642492572
74f2108 c1,0.7119099035205377
05v60f1686,3.8601479381333648
04v46f1332,1.180488055702883
03v38f1132,5.455194483656018
05v60f1675,5.143642440188389
04v46f1319,1.5146148411189568
v46f1317c1,0.8834667198213999
04v46f1312,1.22025479751789
05v60f1663,7.5455137598468855
02v14f0399,3.38920161125176
02v14f0397,4.111636974850627
01v09f0255,11.08527239676173
02v14f0393,1.9902218519497246
v38f1127c1,5.512435327047147
v14f0423c1,2.5588748094191147
v09f0239c1,0.7427462588450655
06v74f2096,3.0829254095115046
03v38f1127,10.161541451241684
05v60f1684,4.227657845438377
05v60f1668,7.22850109112758
06v74f2114,2.2582250891126834
03v38f1136,3.309774357086369
06v74f2118,8.607755578444985
03v38f1139,3.8353997506080484
01v09f0242,4.557449863843566
02v14f0422,7.060920397076343
03v38f1117,4.467458947460185
02v14f0419,4.53613682507818
05v60f1678,2.152614962254496
03v38f1138,5.398600022216603
03v38f1142,6.286433814084534
06v74f2106,5.062588642425922
04v46f1330,3.5985100576437823
06v74f2101,3.2717244907694885
v46f1332c1,0.3895226354627531
04v46f1333,1.1352981368213977
06v74f2108,2.6756044732955524
02v14f0421,7.401752943017542
74f2108 c2,0.5035095352636199
02v14f0414,2.699116752413258
v44f1251c1,1.2892838864323244
01v01f0027,0.8290807292981609
02v17f0515,3.9989470323261127
02v19f0580,3.6769545290199916
06v79f2246,3.856368114650848
06v81f2325,3.0835977307614058
06v79f2264,1.6952147077087523
v50f1401c1,1.4299501219717035
04v50f1402,1.3479505785019168
05v57f1591,6.922421381193317
19f0580 c1,2.9222500051893
04v48f1367,2.229464643006602
02v17f0528,4.657637311262272
02v18f0544,9.213438461604442
v38f1141c1,4.475616890990185
v18f0544c1,7.0962624346279375
06v79f2269,2.3337613230709064
03v31f0941,3.4927020304739766
02v17f0533,4.1505730589282
05v57f1580,1.524097126988418
05v57f1593,3.2467348182012317
05v60f1659,3.772837162593005
05v68f1923,2.030586359088519
01v08f0232,2.8166224866711986
03v31f0911,1.756358762427935
02v26f0774,2.235909951336416
04v44f1251,3.681245233241379
v81f2325c1,1.4965534444480528
03v38f1141,5.156193268203497
01V01F0007,4.709669461575241
02v26f0765,2.233432281154387
04v48f1361,2.2807298767479294
01v08f0227,1.6039482792593516
v81f2329c1,2.084395585503859
04v50f1401,5.041403384166398
v26f0774c1,1.4124795766449134
06v79f2274,2.5708589620115845
02v26f0782,2.3876172459799916
01v08f0228,3.1668039389110616
02v18f0548,4.566833395723334
03v31f0929,1.762385078946349
06v81f2329,3.4143538436983127
05v61f1689,5.99436578484467
02v17f0527,3.4131196792386955
02v18f0543,4.919704199487636
02v18f0560,2.604492412272748
04v45f1292,6.63746915551719
03v33f0979,1.2092808949221396
03v36f1060,2.1604982095015455
02v18f0539,6.491694867903515
v55f1536c1,2.821481464576108
01v02f0063,12.267345625858168
03v36f1062,2.3983015434442185
01v01f0020,1.5184098632438712
01v01f0031,3.3783353177037343
02v18f0555,3.3652319512745223
03v32f0962,0.9086835336058651
01v02f0039,11.976450839104738
03v33f0989,0.8117859068186263
05v63f1763,2.668907078544947
03v33f0975,0.6820146884059103
04v51f1431,2.127674221026462
03v32f0954,1.523362000247607
04v55f1536,5.651851196359962
02v18f0534,7.150214763713843
v51f1431c1,0.4483574453300594
04v51f1427,3.3133938128672074
06v78f2230,2.4017136652238964
04v51f1421,1.5956568626942944
06v78f2231,7.648538903210956
02v18f0542,1.7528400136520015
03v36f1074,1.0097591564026547
v18f0534c1,4.52186178341743
v33f0979c1,0.9626607505350564
v33f0989c1,0.5825980558822554
v18f0560c1,1.5775701948040948
v51f1431c2,0.4992920507015963
05v63f1746,5.359692229651746
02v18f0551,7.934037227672446
05v61f1698,0.8382278037810893
02v14f0403,2.006576508031447
03v29f0880,2.2295082773056354
v73f2081c2,2.809406020649829
v45f1275c1,4.959026753288439
03v29f0876,3.3420542739023467
03v29f0877,1.9247738072784215
21f0623 c1,3.339542687689907
06v73f2077,4.558516673134326
v73f2081c1,5.001805114833663
03v29f0874,3.196169097640765
04v43f1243,2.9641750467611216
03v31f0926,5.306963084205559
03v31f0927,5.745516962493839
02v14f0400,6.499961589620351
05v61f1709,6.8356113516784225
02v21f0623,9.141745233113665
02v14f0412,2.968346430480242
06v73f2081,11.591189807683126
02v21f0628,18.868909471106907
06v73f2068,2.3749254042158094
v14f0410c1,2.6928083628770954
04v45f1295,1.61828848942029
04v45f1296,1.238075238008092
v05f0127c1,1.6893228613705207
02v14f0406,2.9687668903830184
02v14f0418,6.781142422647746
03v29f0871,1.6058457266454615
02v14f0410,10.515521565332415
v14f0410c2,4.756869534946263
04v45f1275,5.423280082477211
04v45f1284,1.9150839317960962
21f0628 c1,4.684824914592067
03v34f0996,0.7538980477686827
03v34f0992,5.17889296494887
06v80f2313,8.438816825980892
02v23f0695,7.323723500526984
05v57f1579,2.0242023173866093
05v57f1582,1.0736661566557761
03v34f1017,5.048310589051808
02v15f0447,4.51083858191542
04v54f1507,3.2097983648529134
v34f1006c1,0.8124181918580442
04v51f1422,5.496233067688256
04v54f1492,1.5067935694698946
04v51f1430,2.9052467974010368
v15f0458c1,1.8681550727320408
02v15f0458,3.5872275532529647
02v15f0430,6.624944489421241
02v15f0456,4.806027428005238
02v15f0452,1.6721375485108276
02v23f0701,0.8425917930031828
02v23f0687,8.64667417540374
03v34f1008,5.77519611963523
06v80f2282,9.782123019034705
05v57f1588,3.924977247960414
06v80f2305,5.610446866365052
05v57f1577,2.2918685309082285
04v51f1429,0.8435614879912138
03v34f0997,1.9049105123975765
04v54f1505,0.9538283662475538
02v23f0688,6.584247847518931
v34f1009c1,2.532653312416956
v54f1507c1,1.8123716793897526
v80f2305c1,3.0626690078089753
02v15f0435,1.839218678196739
06v80f2309,3.9049520358938876
03v34f1009,3.5586145187497014
03v34f1006,1.7431279673914513
06v80f2307,2.385946231025037
01v11f0305,8.78501226689121
v64f1792 c,1.1290285591795366
02v14f0396,3.1088232974201486
14f0416 c1,1.3948063551768175
02v14f0405,8.73139052184937
06v80f2284,2.6366834836525683
04v44f1254,4.026616499880601
03v29f0866,0.7050238371830663
v31f0939c1,2.3233642665274115
03v31f0932,3.6913423379414048
02v14f0401,4.69154998591657
04v54f1495,1.8924580146335732
06v77f2213,4.084979784586931
05v64f1792,2.817404644719148
02v14f0404,6.213193861188167
04v54f1489,1.4302356133745544
v54f1495c1,1.5676282957233447
05v61f1702,4.152342617656926
v14f0405c1,5.795282853109423
06v80f2311,7.346743853655688
v31f0937c1,6.993357991007605
01v02f0064,6.562605413417663
03v31f0939,3.9245691616518794
06v77f2205,4.7425289337027285
02v14f0417,3.5906992855789834
v31f0932c1,1.7748156320004946
02v14f0392,5.2635054208942655
v29f0870c1,4.623396777053386
02v14f0416,3.0103570579723646
03v31f0937,8.276124167245065
03v29f0870,5.509753110562777
04v44f1267,0.3855320926090985
v54f1489c1,1.0658746119704874
04v44f1266,4.096030996013292
06v79f2275,0.9921560033928799
05v57f1574,2.5233173166373706
01V12F0340,2.3107003943943902
02v14f0408,3.2849925888886458
03v34f0995,1.2003541299135263
V12F0349C1,2.638313987597398
05v68f1925,3.9680225687786432
06v79f2265,0.8000396688965542
06v76f2169,7.271875345908872
v44f1266c1,1.4743143802739909
v23f0698c1,7.782257829052929
01v04f0122,0.8174893405431648
v43f1231c1,1.4121042021512424
04v54f1506,0.7005908232088903
04v54f1496,1.513878583725609
06v76f2156,1.4172015872275185
02v24f0721,11.481942193775753
04v49f1389,1.0930553126717968
06v71f1993,4.039017378617157
v76f2169c1,5.282955123554502
02v14f0394,4.243826333947969
v24f0721c1,5.693709991330389
02v24f0714,7.865783801954765
03v27f0800,2.526015664355905
06v76f2153,4.350186520762487
03v34f0999,3.510213903118228
04v43f1231,3.001718345932293
02v24f0723,3.4623315919051767
03v30f0895,0.7387888034742914
05v56f1538,2.860626729728569
02v14f0409,4.885984471960667
01v04f0113,18.747736427352372
v76f2153c1,2.211381028582801
V12F0340C1,1.533508633757051
06v71f1999,9.347080056379012
06v79f2251,4.0384506897177435
01v04f0120,0.7183395219855766
b03v280833,4.040842290002362
04v50f1406,2.106599319852316
02v23f0698,11.66381336703126
01v12f0349,8.382651501402556
v49f1389c1,0.7835002487825581
02v21f0630,2.9771855296923535
06v71f2012,4.794232417122716
01v01f0025,1.028780660837482
03v33f0988,1.2719753041865438
01v02f0057,4.144580597648607
03v33f0986,3.7827010848149962
03v33f0981,1.9782481454601881
05v62f1744,2.3796913627644036
03v33f0977,1.687603283938785
02v17f0530,4.229778677269439
05v62f1719,3.9761535103514687
v33f0987c1,1.1061538530027666
06v79f2262,2.2750898790152423
03v33f0984,2.3196186521794644
v33f0981c1,1.0100300035433905
05v62f1716,1.5876587672207092
03v33f0972,0.7678147708341325
02v17f0519,3.0826533913727214
02v17f0500,9.244384305941743
06v79f2278,1.3618448217806234
02v15f0510,3.6179120141942236
02v17f0502,3.0424062934181464
04v48f1365,3.4943071211974828
04v48f1362,0.6881853516120183
06v79f2256,2.2967393734626427
03v33f0983,1.6146070326940523
03v33f0982,1.7286426195219173
01v02f0041,3.888638057874284
06v79f2254,4.261584268077739
02v17f0507,5.305228874874642
06v79f2266,1.9258716397337432
05v62f1738,2.2318432982221976
05v62f1723,8.472530471417528
05v62f1727,3.4725488813723326
05v62f1734,11.14425491592793
v33f0983c1,1.0555465720632098
06v79f2271,3.1365009191477293
v48f1365c1,0.5675273155990819
04v48f1356,1.9308945040174372
06v79f2255,1.0587917598355119
04v48f1370,2.8709845219424266
03v33f0987,2.0494420327064886
01v03f0079,11.37225037770681
01v08f0204,4.09657697622033
03v27f0804,1.4145255095602185
02v20f0602,1.7302380404631246
03v28f0831,0.7159675299766793
04v49f1395,14.951221336034106
v49f1395c1,1.555742537943394
v49f1395c2,2.258329491397978
v28f0843c1,3.677016667736964
01v03f0086,5.5933724562990825
02v17f0508,10.470102684835
04v50f1403,2.1459130533980884
v68f1914 c,12.870045750200267
02v14f0420,5.033376750626744
v03f0079c1,5.84404807360686
05v68f1914,14.323909129248452
05v68f1918,2.9094702304713818
b03v270820,2.4159229784111926
06v70f1978,10.951720469516266
03v28f0843,5.302306090888847
01v03f0071,4.145168987710769
02v17f0503,7.712457294363152
01v08f0236,1.1485859075456595
v17f0508c1,5.0326221531755
03v28f0838,2.5018041265160975
03v28f0846,2.6287025909173596
06v77f2196,3.3536084924399843
06v77f2193,3.4234441230522443
02v15f0460,4.496944435712766
01v11f0319,10.846480545812812
01v04f0103,4.717096963203311
02v14f0514,2.2650039143210163
05v62f1721,12.201785773017422
01v11f0299,7.226075005854985
02v17f0505,4.507301087689347
01v13f0389,2.527361295088184
01v11f0308,4.1385085934793455
04v51f1424,7.234789023749781
01v04f0108,6.3957189237670145
06v73f2052,0.3474856994472604
05v62f1718,4.029556605158671
b0v73f2048,2.8928848270224794
02v23f0684,4.971909410142791
06v73f2051,5.266748769800287
04v43f1239,1.0393388693205663
02v17f0504,2.9962743484535244
51f1424 c1,1.101121742979498
05v60f1674,1.1908168934192143
05v60f1665,5.1544918263514665
01v13f0381,2.38222724283774
05v60f1661,7.46302005001882
06v72f2042,3.1860624866976663
02v21f0647,4.016727003136343
