id,mean,median
v37f1105c1,2.8744399126838234,2.8684213161468506
03v37f1084,2.0065960800438596,1.9342167377471924
06v80f2304,2.844257443450218,2.8600001335144043
v47f1348c1,3.1278865107783567,2.8953170776367188
03v37f1110,1.7240110609266492,1.6508013010025024
01v01f0001,2.768496605657762,2.6823232173919678
v37f1110c2,1.9528136620154748,1.8747180700302124
v80f2304c1,2.844343962492766,2.808706760406494
03v37f1081,3.563626329438025,3.344774007797241
v37f1089c1,2.930369645458157,2.981675624847412
06v80f2291,2.836458746762199,2.916421890258789
06v80f2306,2.7236590519129673,2.6079776287078857
06v80f2286,3.221714921431108,3.2471141815185547
06v80f2298,2.6498286120574877,2.6000003814697266
80f2306 c1,2.6688551161024305,2.5822343826293945
06v80f2299,3.2782508170250617,3.285271406173706
05v56f1546,3.020925364774816,2.8346304893493652
04v47f1344,3.4256793011675826,4.149692058563232
03v37f1096,3.874724905831473,2.919279098510742
02v18f0547,2.2847177516148744,2.193840742111206
v01f0010c1,1.7910355788010817,1.8798552751541138
02v18f0556,1.6532226295970933,1.6099586486816406
04v47f1348,4.254431351371434,4.399582862854004
06v80f2295,2.857323657507184,2.777696371078491
01v01f0008,3.066889569042175,3.0065503120422363
03v37f1097,1.9033618395841574,1.8333332538604736
03v37f1095,1.9411127775618173,1.9453599452972412
v18f0546c1,1.8924164353755482,1.793888807296753
v37f1095c1,2.0680437954989346,2.0304346084594727
04v47f1339,3.7209802576013513,3.6625261306762695
05v56f1565,3.020803810062265,2.9863014221191406
v37f1110c1,1.6120100021362305,1.5778791904449463
v37f1096c1,3.1694752412683824,2.5533664226531982
05v56f1558,2.2734254081294223,2.247357130050659
05v56f1548,2.6785667216883295,2.8107521533966064
01v01f0010,2.0909258755770597,2.1091561317443848
06v80f2294,2.7219559518914473,2.724881172180176
06v80f2300,3.0352605600826075,3.2116713523864746
02v18f0535,2.555431963946368,2.381679058074951
02v18f0537,2.2089960675586684,2.1312220096588135
02v18f0546,2.0651936674322693,1.8982449769973755
02v18f0538,1.9746950422014509,1.951369285583496
03v37f1105,2.9348595883665967,2.8929028511047363
02v18f0545,2.9213641907524144,2.953125476837158
03v37f1089,2.9968773805094955,3.0298171043395996
01v01f0011,2.2481851345155297,1.9811346530914307
v37f1081c1,2.726492479112413,2.744898557662964
04v47f1345,4.5274132361778845,4.504158020019531
05v56f1543,3.671652962641461,3.7302327156066895
v47f1345c1,3.751502354939779,3.732271909713745
v37f1084c1,1.9126156635165954,1.8907405138015747
02v18f0541,2.097461640522742,1.9708225727081299
05v64f1783,2.874464494468522,2.9766764640808105
03v39f1155,2.5500596308075223,2.584200143814087
03v39f1154,2.8437598092215404,2.911308526992798
02v15f0434,2.781535871638808,2.8038740158081055
v39f1154c1,3.1091686341820695,3.1377551555633545
v39f1170c1,2.722887957537616,2.767195701599121
v39f1155c1,2.491823196411133,2.4988980293273926
01v05f0144,2.6754236394708806,2.66072416305542
v14f0402c1,1.858559329493516,1.8227852582931519
01v05f0137,3.4146895735231166,3.3101603984832764
06v76f2168,1.8968566141010803,1.5717685222625732
v37f1091c2,2.846908934378738,2.734286069869995
05v64f1778,2.610600601007909,2.6376559734344482
06v76f2167,2.4807793195857557,2.399477958679199
01v08f0225,1.7717987191523605,1.628246784210205
02v14f0391,3.1014436291110132,3.1297028064727783
03v39f1170,2.862932564008354,2.896153450012207
03v37f1091,2.9734713784196742,2.831707000732422
05v64f1781,2.11340576171875,2.061021327972412
04v55f1515,2.9870128631591797,2.922276020050049
01v08f0219,2.4275723347621683,2.234693765640259
02v14f0395,2.156631019467213,2.0821046829223633
01v05f0149,1.744176503774282,1.620267629623413
02v22f0663,3.1273978097098216,3.042640209197998
04v43f1233,4.159064693727355,4.05626106262207
02v14f0402,2.156381318063447,1.9744118452072144
20v22f0676,3.900856955009594,3.8847246170043945
15f0450 c1,3.588758449098763,3.5578954219818115
03v39f1148,2.566613539209906,2.510080575942993
02v15f0450,3.651614927249693,3.529412031173706
01v03f0070,2.712738996781643,2.4964702129364014
06v76f2161,2.9502747147171586,2.8931632041931152
v43f1221c1,3.235598582141804,3.137075662612915
04v43f1221,3.5715574154183884,3.2777788639068604
v37f1091c1,2.6158582363204053,2.572580337524414
02v14f0413,3.177313486735026,3.079577684402466
6v80f2285c,2.9312559240004594,2.883024215698242
02v20f0619,1.9443060557047527,1.7980363368988037
01v11f0329,,
02v15f0437,3.1702809053308822,3.161710500717163
02v15f0454,1.7905211112868618,1.7409241199493408
02v15f0662,3.092783414400541,3.044917583465576
01v03f0077,3.386672876443073,3.3921561241149902
v14f0411c1,1.9751132142310048,1.9157390594482422
02v14f0411,2.1699640843775367,2.049654722213745
02v19f0591,2.1661511670361766,2.1753554344177246
02v15f0455,3.7375665480090725,3.7757322788238525
04v50f1405,2.8712542724609373,3.5074095726013184
05v60f1655,2.5300721864442566,2.5267174243927
v50f1405c1,2.1421154915018286,3.463895320892334
02v15f0427,1.9858963012695312,1.9039344787597656
02v18f0536,2.3569635324038787,2.0437018871307373
06v80f2288,3.0621303013392858,2.971458673477173
04v43f1224,4.586923038258272,4.536063194274902
05v60f1658,2.074797107327369,2.0297765731811523
01v03f0084,2.30256781176986,2.2826855182647705
01v02f0044,2.6521000581629135,2.6349716186523438
06v80f2285,2.9450085698341835,2.9417805671691895
01v11f0325,2.1560690286276225,2.0703704357147217
06v76f2172,3.510620521393833,3.171222686767578
04v51f1435,4.184532752403846,4.123042583465576
04v51f1419,4.631539426015379,4.594813823699951
02v15f0451,3.0557017700834423,3.017369508743286
05v62f1733,2.217448675810401,2.209439992904663
02v14f0407,2.194715587370986,1.9287256002426147
v08f0221c1,3.2811620142552758,3.279202461242676
05v66f1853,2.354980032784598,2.287409782409668
01v08f0215,3.1951589682667527,3.1310973167419434
04v46f1320,2.656068281693892,2.5374202728271484
04v50f1411,4.04494005568484,4.102572917938232
46f1320 c1,2.62338882196145,2.5305638313293457
v50f1411c1,4.1831817626953125,4.0940423011779785
06v70f1972,2.728780613588483,2.7607009410858154
01v10f0280,3.6157285391566263,3.6764707565307617
06v70f1955,3.4938112239247743,3.5330584049224854
01v10f0295,4.819532449534862,4.958352565765381
01v12f0345,3.259904161631632,3.1330275535583496
06v70f1980,2.2693027896775724,2.221531391143799
01v08f0212,2.826570510864258,2.9106698036193848
03v28f0828,2.660824222164554,2.602240562438965
01v01f0018,2.6454433519013074,2.542980194091797
01v10f0284,3.119218404314159,3.0423359870910645
05v66f1852,2.844298693598533,2.7910728454589844
51f1419 c1,4.593315124511719,4.561418533325195
01v08f0221,3.0904564672662307,3.0917162895202637
v28f0828c1,2.6654527936662946,2.651409864425659
v27f0819c2,2.874284710800439,2.9282052516937256
04v50f1409,2.9486476353236606,2.848672389984131
03v28f0852,3.9023127943705145,3.72727370262146
05v65f1803,2.9914226028154483,2.9893240928649902
04v50f1413,3.1503493793995307,3.588665008544922
03v27f0819,3.8834665335860907,3.594552993774414
02v21f0624,1.3390354124967716,2.034883975982666
v75f2133c2,2.660254722417787,2.6601057052612305
v75f2128c1,2.4579844373337765,2.2327382564544678
03v27f0808,3.3254564073350696,3.3548383712768555
01v04f0105,2.2573659796463814,2.186561107635498
01v06f0161,2.6200462341308595,2.662562370300293
05v65f1828,2.911227976782082,2.877976179122925
03v28f0835,2.8757814781688085,2.5432326793670654
v50f1413c1,4.63442970888458,4.67462682723999
04v50f1404,3.9956065091219815,3.909432888031006
03v28f0842,3.409720703125,3.5010225772857666
02v21f0635,1.601627852277058,1.6235744953155518
v04f0105c1,2.2966949174988947,2.318652868270874
02v21f0648,2.353467217807112,2.2672042846679688
v28f0848c1,4.1459297180175785,4.1622724533081055
02v21f0645,3.0128032977764425,3.019047975540161
b05v65f827,2.361788200609612,2.397993564605713
02v21f0634,1.6924273899623326,1.666963815689087
v28f0835c1,3.8623278387661637,3.8622488975524902
06v75f2128,2.3962203429861706,2.1814165115356445
v28f0842c1,3.3562448091596084,3.4754092693328857
03v28f0848,4.067980194091797,4.102430820465088
v27f0819c1,3.8907793830422794,3.6767678260803223
04v50f1397,4.171179962158203,4.163416385650635
05v65f1819,2.9445618849534254,2.93216872215271
02v21f0641,2.379233065518466,2.328385829925537
06v75f2133,2.586384262037128,2.55056095123291
v75f2133c1,2.8829347684785915,2.8467295169830322
06v75f2147,2.5221309396217793,2.404726266860962
03v31f0918,3.531649005946828,3.3684215545654297
04v53f1458,4.011002837634478,3.257296085357666
02v25f0730,2.6495180996981533,2.5479555130004883
v31f0934c1,3.651481119791667,3.6010634899139404
02v25f0747,2.310087367466518,2.228914976119995
04v53f1473,3.369180779708059,3.510791301727295
v31f0917c1,3.64738380251907,3.6102001667022705
04v53f1461,3.8487380455280173,3.843860626220703
02v25f0757,2.5982778297280364,2.307809829711914
05v64f1798,3.447700437435434,3.3555305004119873
02v25f0746,2.48882440324715,2.4639649391174316
v31f0909c1,3.566365144690689,3.6352362632751465
01v03f0076,2.8744113728151484,2.5374999046325684
03v31f0917,3.4983471019847974,3.527512311935425
03v31f0910,2.832834266754518,2.8759217262268066
v31f0915c1,3.267176626070664,3.3263602256774902
v31f0910c1,2.954693987652972,3.024318218231201
03v31f0924,3.5793253580729165,3.6895241737365723
02v25f0743,2.696251146721117,2.7011313438415527
01v03f0094,2.287707227895691,2.246527671813965
06v79f2276,2.2427034818209135,2.2549021244049072
02v25f0761,2.1483635754318713,1.8811880350112915
03v31f0934,3.606779859402952,3.4800000190734863
03v31f0915,3.202962909379287,3.241090774536133
01v03f0065,2.4204494335033275,2.3387467861175537
01v03f0072,3.3425381169842847,3.3260276317596436
03v31f0909,3.9555906212848164,3.6463444232940674
01v03f0080,2.147037142799014,2.1278634071350098
05v64f1785,2.8682324639682113,2.826589584350586
06v79f2253,2.189222034655119,2.1171457767486572
02v25f0741,2.1361285122958096,2.156590461730957
04v53f1468,3.72584682557641,3.7134647369384766
v13f0390c1,2.8468189728565707,2.842695951461792
06v70f1953,3.153507188480333,3.137362480163574
02v20f0599,2.200213587561319,2.1511330604553223
02v20f0608,2.148466095210999,2.034883975982666
03v37f1100,3.1555213928222656,3.1485071182250977
01v13f0384,2.6998722868145637,2.5780045986175537
03v37f1083,3.1713478290929205,3.043478012084961
02v20f0607,2.0510536227457323,2.070176124572754
05v62f1728,2.230108133951823,2.1976866722106934
02v20f0600,3.9990662691885963,4.046878814697266
v37f1104c1,2.930651444655198,2.5609004497528076
v37f1102c1,2.483470011100495,2.6993863582611084
02v20f0621,2.7051451192099667,2.455909252166748
02v22f0672,3.1532447814941404,2.9244942665100098
v37f1104c2,2.09149658203125,1.9920363426208496
03v37f1090,2.4225188873626373,2.4014596939086914
03v37f1104,2.467580757889093,2.2207446098327637
05v62f1713,2.4909751528785344,2.4057717323303223
02v20f0620,2.620092603895399,2.6194870471954346
03v37f1098,5.336248882746292,3.2578301429748535
04v46f1323,4.196064052297108,4.2165350914001465
v37f1109c1,2.3664508395724826,2.2864603996276855
v37f1088c2,2.521480275623834,2.473794460296631
04v49f1377,3.2705724255792026,3.07466721534729
b04v461311,3.980363490217823,3.9631669521331787
03v37f1088,2.9216361258907937,2.8541033267974854
01v13f0390,3.0537601594002015,3.038710355758667
05v62f1739,2.105994544552014,2.07692289352417
05v62f1725,2.487425866788321,2.4245290756225586
03v37f1101,3.1061904009650734,2.44278621673584
03v37f1109,2.5473369251598013,2.4909095764160156
v37f1101c1,3.508441925048828,2.5478463172912598
03v37f1102,2.432906102950048,2.125211715698242
04v49f1390,4.406301325017756,3.9941296577453613
02v20f0605,3.1652645713404604,3.2697675228118896
05v62f1732,2.7543096127717392,2.578134775161743
v37f1088c1,2.831523895263672,2.787364959716797
06v70f1962,3.4265250803154204,3.3489930629730225
v49f1390c1,4.628174304962158,4.18213415145874
v46f1311c1,4.452678333629262,4.244391441345215
02v22f0666,2.38615888707778,2.347266674041748
06V77F2203,2.7111425342674025,2.6092441082000732
05V57F1571,2.670348815917969,2.7464547157287598
5v57f1595c,2.3265892767137095,2.5340166091918945
V77F2195C1,3.131574590155419,3.191366672515869
04V54F1490,4.892533438546317,4.825332164764404
01V05F0145,3.922101936084312,3.169999837875366
05V57F1585,2.926358154296875,2.9256505966186523
v35f1032c2,3.8789007013494317,3.919156312942505
04V54F1508,3.838460693359375,3.737574577331543
01V05F0135,2.4493773778279624,2.3933448791503906
05V57F1597,1.7375003032802796,1.6466162204742432
06V77F2194,3.8329090319181742,3.9250216484069824
06V77F2202,2.9391384548611112,2.8692100048065186
04V54F1487,3.8527877004523026,3.9029300212860107
03v35f1024,2.825569080171131,2.770246982574463
01V05F0143,2.6483664772727273,2.5949273109436035
04V54F1502,4.580914497375488,4.666041374206543
V54F1487C1,3.893163408551897,3.9029300212860107
06V77F2199,2.672870644755747,2.7115116119384766
01V05F0140,3.530950730846774,3.5960147380828857
06V77F2183,2.5265317070753053,2.429292678833008
06V77F2200,2.490739466780323,2.4261274337768555
03v35f1030,3.4729418808154846,3.5093023777008057
03v35f1037,2.844169574076903,2.886691093444824
V77F2199C1,2.732632530003117,2.7660820484161377
06V77F2195,3.1738687503110072,3.2031872272491455
V54F1488C1,4.820420376090116,4.783157825469971
04V54F1488,4.420475193711578,4.5046515464782715
02v22f0678,3.1029555709273726,3.1394951343536377
06V77F2204,2.9083505364912976,2.890976905822754
03v35f1032,4.016402873587101,4.065107345581055
03v35f1036,3.3593296216881794,3.3040592670440674
v35f1032c1,4.365656110975477,4.36174201965332
v35f1024c1,3.4283334055254535,3.284517288208008
v35f1037c1,2.905919228830645,2.907949447631836
v22f0652c1,3.32973575592041,2.912720203399658
v35f1024c2,2.6332118593413254,2.6834404468536377
02v22f0683,3.251528832220262,3.1718430519104004
V57F1595C1,2.3265892767137095,2.5340166091918945
03v35f1026,2.1828976279810854,1.9881186485290527
01V05F0126,1.902164825021404,1.87428617477417
03v35f1025,3.684555405295939,3.680584669113159
05V57F1587,2.7180711177357457,2.5229108333587646
02v22f0658,3.1970653945593526,3.2212226390838623
v35f1023c1,2.385676372482116,2.467871904373169
01V05F0124,2.9497648669827368,2.5390279293060303
02v22f0654,2.387252288610757,2.0915486812591553
03v35f1033,3.221583003491427,3.0017335414886475
04V54F1501,4.0730130379660086,4.1040143966674805
02v22f0652,3.0592336152729236,2.7204413414001465
02v35f1023,2.1647929587559394,2.152658700942993
05V57F1595,2.50377294436023,2.6141598224639893
04v45f1301,3.434704447901526,3.5702970027923584
03v34f1001,3.350314907260708,3.5188868045806885
01v08f0206,4.156648254394531,4.11962890625
v34f0993c1,3.556979092684659,3.625422954559326
05v68f1915,1.7283166114320145,1.7735919952392578
03v34f1013,3.16055982940051,3.177903652191162
01v08f0203,2.8964727270694177,2.915858030319214
v34f1011c1,4.344856056007179,4.503268718719482
v34f0998c1,3.687906385977057,3.647773265838623
03v34f0990,2.974378863584648,2.918158531188965
01v08f0214,3.043982187906901,3.1167209148406982
02v25f0760,2.4420944641683704,2.4016849994659424
01v08f0220,2.2587285303807523,2.2495434284210205
04v45f1290,2.9848340352376304,3.4240834712982178
03v34f0991,3.76044384401236,3.728019952774048
05v68f1897,1.6519635518391926,1.6413743495941162
06v70f1966,3.5422083967823093,3.5416409969329834
01v08f0230,2.7215499877929688,2.696789264678955
03v34f0998,3.498394667044194,3.5552945137023926
v34f0990c1,3.185409958298142,3.134613037109375
03v34f1011,4.211985694037543,4.258745193481445
05v68f1904,2.7728143310546876,2.7057676315307617
03v34f0993,3.7807276589529857,3.728457450866699
05v68f1892,2.2970866265698016,2.232283592224121
02v25f0753,1.6867455301830947,1.6938774585723877
02v25f0763,1.9136204233911387,1.8969465494155884
v34f0998c2,3.1963864413174714,3.2971179485321045
06v70f1958,4.3162957085503475,4.386503219604492
05v68f1900,2.785177519827178,2.6420059204101562
04v45f1294,3.851367426853554,3.541085958480835
02v25f0748,2.870316215183424,2.8739941120147705
04v45f1277,3.7000813311841116,3.7571191787719727
v45f1277c1,4.274436442057292,4.4932756423950195
02v25f0737,1.1985906681544345,2.8754701614379883
05v68f1896,2.170339060353709,2.192930221557617
03v34f1012,3.628805695677833,3.6875
06v70f1965,3.3284021326013513,3.1346635818481445
01v08f0207,3.5188807333669354,3.4027774333953857
05v68f1916,1.8375739555854302,1.6411099433898926
06v70f1957,3.2202388575819674,3.1906075477600098
01v08f0205,2.950941685267857,2.955090045928955
v34f1013c1,3.2067741280171407,3.2469136714935303
06v70f1971,3.672422803137913,3.766550064086914
06v70f1979,2.6606731484661172,2.5749998092651367
02v25f0744,2.8306613844268176,2.77799654006958
02v25f0758,1.9342613939969044,1.946310043334961
03v34f1002,3.25562682632328,3.1991872787475586
06v70f1961,3.2219339495328203,3.2495274543762207
04v45f1276,4.488391582782452,4.466558456420898
02v25f0754,2.966411461990871,2.821918249130249
2240133433,3.1015330723353793,3.0886387825012207
v39f1172c2,2.8450823697176846,2.7916908264160156
v52f1443c1,3.927302433894231,3.995433807373047
v15f0449c1,2.9267345025910805,2.9301462173461914
06v78f2217,2.7046867819393383,2.6191253662109375
03v39f1156,2.639803205217634,2.621553421020508
06v78f2220,2.4790320623488653,2.3756508827209473
v39f1174c1,3.290597915649414,3.11362361907959
06v78f2241,2.7908953041028064,2.686795234680176
06v78f2240,3.1015330723353793,3.0886387825012207
02v15f0463,3.4538728841145834,3.3912341594696045
06v78f2218,3.1074435833803156,3.106208086013794
v39f1163c1,2.4379269736153737,2.383307933807373
06v74f2241,2.7908953041028064,2.686795234680176
v52f1451c1,4.310902790850903,4.31705379486084
06v78f2234,3.3866514381787454,3.4438581466674805
03v39f1163,3.1902606201171877,3.1274502277374268
v39f1172c1,3.0992142215851817,3.049793004989624
b0215f0449,3.0398546765734267,2.883833885192871
v39f1165c1,4.713287353515625,4.807692527770996
04v52f1443,4.101102288394051,4.123042583465576
03v39f1174,3.3978609027284565,3.163055896759033
03v39f1172,3.6454974006204046,2.969066619873047
03v39f1173,2.6165891272999415,2.6301655769348145
04v52f1448,3.8432912726151316,3.8543381690979004
-04 125246,3.395704646743733,3.2544729709625244
05v66f1829,3.7261733435150375,3.7564103603363037
05v61f1690,1.7806207566034227,1.603773593902588
03v39f1152,2.8667173643369934,2.8096728324890137
03v39f1165,4.366654968261718,4.475442886352539
04v52f1451,4.481702729654456,4.371134281158447
02v15f0464,3.1924835974428833,3.1283302307128906
02v15f0432,2.1569574393478095,2.1347708702087402
01v10f0292,3.576990908668155,3.4505257606506348
05v66f1835,3.146604028078589,3.0832576751708984
02v15f0436,2.442805503731343,2.4331798553466797
02v15f0465,3.127823076750103,2.9974379539489746
04v52f1446,5.4993153447690215,3.748654365539551
02v15f0440,3.5250204507406657,3.433474063873291
01v10f0271,3.395704646743733,3.2544729709625244
05v61f1704,2.0994496356583525,2.0090091228485107
04v52f1453,4.6664120600773735,4.699384689331055
03v39f1175,4.161262236445783,4.225965976715088
04v52f1440,3.7104201316833496,3.6967825889587402
2218113630,3.1074435833803156,3.106208086013794
04v53f1474,3.561133407964939,3.5333399772644043
06v71f2002,2.2201798645376463,2.3853650093078613
v39f1178c1,3.2412334081545398,3.2091636657714844
01v12f0346,2.3076241885914524,2.204275608062744
02v20f0611,1.9131888009451485,1.8478573560714722
02v20f0606,1.4926654507654795,1.443242073059082
03v39f1167,2.7186659592848557,2.569037675857544
02v19f0590,2.5747448149181547,2.40582275390625
05v63f1752,2.7138541085379466,2.730621337890625
03v36f1059,3.8844876098632812,3.479609966278076
02v19f0587,1.9862491383272058,2.0365190505981445
05v63f1768,3.499607631138393,3.5010390281677246
03v35f1034,2.845440125197507,2.8687477111816406
04v47f1353,4.488850607800839,4.686192035675049
01v11f0300,1.4739540363180226,1.4457566738128662
03v39f1171,4.091185371830778,4.140381813049316
04v53f1470,3.8895292862601902,3.928961992263794
02v19f0592,2.1910720825195313,2.1081345081329346
03v39f1178,3.233930531114635,3.206564426422119
01v11f0321,1.9889085069834758,1.915032982826233
04v53f1476,3.628287267203283,3.632582187652588
02v19f0571,3.3586168619791668,3.062392234802246
02v19f0589,2.7791600461866035,2.8413994312286377
01v11f0318,,
06v71f1990,2.203713359137778,2.0225565433502197
03v32f0954,2.9577847798665364,2.5263872146606445
04v47f1336,4.041413959703948,3.647214889526367
03v27f0818,3.468950468918373,3.4115896224975586
03v27f0807,3.885842873232208,3.839874744415283
v19f0588c1,2.7231491885510795,2.6884055137634277
04v48f1375,4.455046187999637,4.661442756652832
v19f0590c1,2.4379043579101562,2.4304261207580566
03v27f0803,4.326964796635142,4.321245193481445
02v19f0588,2.725845045344845,2.6879525184631348
02v26f0778,2.366837467055723,2.3461532592773438
01v09f0241,3.101674846067267,3.107142448425293
04v45f1278,3.8321029170866936,3.798508405685425
05v60f1664,2.9593813516260163,2.9741604328155518
01v01f0005,3.0945561726888022,3.178647518157959
02v26f0776,3.2852213932917667,3.236583948135376
06v79f2247,2.876275576077975,3.033322811126709
01v05f0146,2.4207754607247836,2.3999998569488525
01v09f0262,3.7489645493090453,3.7835891246795654
02v26f0784,2.6277011188943367,2.466431140899658
04v55f1535,2.8721805057010137,2.8412251472473145
55f1535 c1,2.47061384216813,2.542039394378662
v45f1278c1,4.586212158203125,4.577207565307617
05v60f1666,2.184128005783279,2.171266555786133
01v01f0026,2.7317656017485117,2.7124180793762207
01v05f0139,1.9553720156351726,1.782224416732788
06v71f1998,2.750997256823364,2.789830207824707
v26f0784c1,2.3272871017456054,2.2352471351623535
01v01f0029,2.6569053376338396,2.6288886070251465
06v71f1986,2.312070446735395,2.3910892009735107
01v05f0132,1.7730762300037202,1.569078803062439
02v16f0493,2.553991953531901,2.5432369709014893
v16f0484c1,2.698093650615321,2.5893540382385254
v32f0950c1,2.9567626953125,2.7428574562072754
06v72f2029,3.432839786305147,3.5125091075897217
v32f0967c2,1.8670614737051505,1.767740249633789
05v66f1845,3.829073527212919,3.803354263305664
v32f0967c1,2.908154522931134,2.8720850944519043
03v32f0968,3.6927623861640164,3.755990982055664
05v63f1756,2.8145838630269973,2.813807725906372
02v16f0482,2.866487596855789,2.872478485107422
05v66f1844,9.506623139252534,4.135372638702393
v32f0958c1,4.2579097424523304,4.253333568572998
02v16f0497,2.5045154389880953,2.4503941535949707
04v45f1289,2.9230458459188773,2.9073548316955566
03v32f0952,3.231249020423418,3.182509422302246
02v16f0480,4.065839965313796,4.207130432128906
06v72f2036,3.0262674184945912,2.2549705505371094
v32f0968c1,3.51650384756235,3.5855607986450195
v45f1298c1,3.7104906354631697,3.808831214904785
02v16f0475,2.6596217462193894,2.6211025714874268
02v16f0484,2.6612163075786124,2.4071431159973145
04v45f1303,3.76644091796875,3.761904239654541
v32f0956c1,3.5872554072627314,3.419956684112549
05v63f1751,2.6624786999760843,2.720231056213379
v45f1300c1,3.4412386494298137,2.987701416015625
v16f0493c1,2.695973205566406,2.703965663909912
v16f0482c1,2.5739290752108137,2.4085183143615723
01v11f0314,2.2444748019579777,2.203488826751709
04v45f1291,4.152466692243304,4.250858783721924
05v63f1757,3.2724889119466147,3.2793688774108887
v16f0475c1,2.7291704342689043,2.7540743350982666
03v32f0967,2.4740695045107888,2.3850221633911133
01v11f0326,1.689677211216518,1.5261622667312622
v45f1299c1,2.6714475678234564,2.6757519245147705
06v72f2033,2.8237794969902663,2.8710007667541504
5v66f1844c,3.925937228732639,3.9881229400634766
04v45f1299,2.7111424763997394,2.7059953212738037
03v32f0966,3.849323122782478,3.895061731338501
03v32f0950,2.9454306827229297,2.747103691101074
03v32f0956,3.4223048618861607,3.363517999649048
05v63f1767,2.626359558105469,2.5890321731567383
04v45f1300,3.2643143136160715,2.9371068477630615
03v32f0946,2.2106949111162604,2.112926959991455
03v32f0955,3.8299653795030384,3.602526903152466
04v45f1298,3.504715224443856,3.4793927669525146
03v32f0958,4.510227100269215,4.300802230834961
01v11f0310,,
03v37f1086,2.406374250139509,2.387148857116699
01v05f0123,0.40067727767412936,2.2082042694091797
v73f2087c1,3.4739278157552085,3.373417854309082
01v01f0024,2.3550206744481645,2.1652603149414062
01v01f0021,2.862778041673743,2.8941993713378906
01v05f0129,2.9065501493566175,2.708763599395752
v73f2065c1,4.212286579652906,4.397683143615723
02v15f0425,2.956663962604718,2.988938331604004
06v73f2087,3.234825287478037,3.1303658485412598
04v49f1380,4.001376010403774,3.6004467010498047
01v01f0015,2.721344478546627,2.733677864074707
01v05f0131,2.591244632250642,2.7098450660705566
01v10f0274,3.1285056666324014,3.067824363708496
02v18f0561,2.4890241193341778,2.4553568363189697
v37f1086c1,2.2756747886782787,2.2694613933563232
03v36f1065,3.842321987809806,3.3243982791900635
06v73f2044,2.4354171273093552,2.4132251739501953
15f0425 c1,3.0038516329735825,3.0261776447296143
01v05f0142,2.539814717060811,2.450529098510742
v49f1380c1,4.875086890326606,4.8531293869018555
02v15f0446,2.9965074327256946,2.9468350410461426
06v73f2065,3.4285483332833495,3.7079484462738037
01v13f0377,2.29030686981824,1.8114111423492432
04v50f1398,3.9727203369140627,4.05351448059082
06v75f2123,2.902048804543235,2.242582321166992
04v50f1408,3.27221921890501,3.1594197750091553
06v75f2135,2.2652707307235054,2.2358052730560303
06v75f2125,1.9248019504974776,1.7772021293640137
05v59f1638,2.1539764404296875,2.105623722076416
06v75f2143,2.6022969164879495,2.4761900901794434
v28f0834c1,3.2631151152820124,3.235320806503296
06v75f2136,2.264605276925223,2.1269845962524414
02v23f0699,2.135903060231422,2.099173069000244
v23f0699c1,2.2679060678633434,2.1903324127197266
01v13f0372,1.8270291415127842,1.757742166519165
01v13f0386,3.2542724609375,3.214416980743408
02v23f0700,3.4653116861979165,3.5101447105407715
05v59f1637,2.296096637684812,2.016949415206909
03v28f0853,2.915592078006629,2.9356322288513184
03v28f0830,3.3568605770965645,3.487544059753418
05v59f1627,2.2266327215700734,2.004464626312256
03v28f0834,3.113884517124721,3.152904748916626
06v75f2130,2.6043710350093985,2.536231756210327
01v13f0385,3.391069030761719,3.4836854934692383
03v28f0850,3.2893630772420805,3.3101184368133545
06v75f2131,3.0856329245645493,3.2354164123535156
06v75f2129,2.499790736607143,2.4000000953674316
02v23f0696,3.2115898757684427,3.175173282623291
01v13f0370,7.515584630290355,3.166640281677246
04v50f1415,5.052509981043198,4.887859344482422
03v28f0844,2.7975854966246967,2.8290815353393555
03v28f0845,3.8753362287554824,3.95546555519104
05v59f1630,2.1910975021867047,2.073529005050659
03v28f0839,4.067944593832526,4.178110122680664
v28f0830c1,3.61245212307224,3.6666667461395264
02v23f0694,2.9025721192667957,2.935866355895996
05v59f1645,1.9901700879706712,1.8484032154083252
01v13f0383,3.3983219146728514,3.21441388130188
02v23f0692,3.2526142760093166,3.0718817710876465
02v23f0702,2.4276224772135415,2.3789045810699463
03v28f0841,3.330307513925604,3.3504674434661865
04v49f1384,3.4518741469785392,3.326923131942749
04v50f1400,4.025794796827363,3.9336187839508057
04v49f1379,2.6177541695389093,2.5029585361480713
05v59f1653,2.442452984655689,2.4150943756103516
02v23f0697,2.480140968605324,2.5418694019317627
02v23f0690,2.8977710957429847,2.8892359733581543
06v74f2097,3.0968838395743536,2.923344612121582
01v09f0254,2.7095565795898438,2.621809244155884
02v17f0512,2.199658954326923,1.946721076965332
04v46f1327,3.764269488790761,3.736966848373413
03v30f0882,3.660233207370924,3.4538655281066895
04v55f1525,3.7302719015159354,3.882784366607666
v46f1324c1,3.5400238037109375,3.213879108428955
02v16f0471,3.0668417720471397,2.9147605895996094
02v16f0491,3.028648856026786,2.8958778381347656
02v15f0431,2.5725027231069713,2.4948763847351074
02v16f0467,3.0686829884847007,2.52545166015625
03v34f0994,3.8545495787663246,3.320338487625122
06v75f2132,2.7359700793007944,2.678570508956909
03v29f0878,1.9779469004848547,2.0369186401367188
v34f0994c1,3.271903767305262,3.1498899459838867
v55f1525c1,3.7362302892348347,3.727924346923828
01v11f0323,2.445354625491277,2.4529266357421875
01v11f0309,,
05v68f1910,1.9468790690104167,1.8293657302856445
02v17f0523,3.919872807521446,3.9415669441223145
04v46f1324,3.4419686453683034,3.180452346801758
02v23f0693,2.447230747767857,2.4094078540802
v29f0879c1,2.41485560625449,3.666666030883789
05v68f1919,2.761930566085012,2.238095760345459
02v17f0520,1.9838749619780993,1.72086763381958
06v75f2142,2.450301127218122,2.408994197845459
06v75f2121,2.748926829706672,2.6937272548675537
03v29f0879,3.819500262920673,3.780604124069214
03v36f1066,2.0420086296237243,1.849499225616455
05v61f1711,1.964407913773148,1.82813560962677
03v36f1056,3.141637577033191,2.9443156719207764
04v53f1464,4.487664428279594,4.531915187835693
06v69f1936,2.4027032537774726,2.266490936279297
06v69f1930,3.217468884526467,3.2669923305511475
03v36f1057,3.237687763414885,3.155195713043213
06v81f2331,3.2759113382149447,3.121432304382324
04v53f1459,3.4616673356395657,3.4609718322753906
v69f1936c1,2.337884318784594,2.26141095161438
04v53f1480,3.4698543174594056,3.4373927116394043
03v36f1179,3.4442875894267906,3.308290481567383
v81f2331c1,3.855441886630259,3.822784900665283
03v36f1071,2.962065391933795,2.8000001907348633
03v36f1073,3.594408845248288,3.4102630615234375
05v61f1706,2.5681386829096047,2.5817484855651855
06v69f1927,2.77830295387758,2.6975951194763184
01v01f0033,2.1564980036095727,2.1280994415283203
01v01f0019,2.546387912174843,2.5168538093566895
04v53f1472,3.963611309344952,3.816391944885254
02v22f0673,3.4694668516820792,3.4526305198669434
06v81f2334,2.4238176916399574,2.42484974861145
v53f1483c1,4.510027473355517,4.587045192718506
v36f1073c1,3.658822011139433,3.5075111389160156
v22f0656c1,1.8133635748000372,1.972476601600647
01v01f0002,2.940268841911765,2.9591002464294434
05v61f1705,1.9481049845041323,1.9841264486312866
v22f0665c1,3.2201034849053185,3.104825019836426
v01f0004c1,3.2199552444391375,3.219999313354492
v36f1056c1,2.8873252385779273,2.8204545974731445
05v61f1712,1.8888800726996529,1.7507696151733398
04v53f1483,4.4118090643399,4.495738983154297
v36f1051c1,2.998983011617289,2.8992390632629395
02v22f0665,3.2462618845813678,3.151975393295288
05v61f1708,1.7539902374524028,1.7372009754180908
03v36f1051,3.0443805733112375,2.8992390632629395
v53f1464 1,4.660715930866745,4.6880340576171875
03v36f1068,3.8711149427625866,3.7185206413269043
01v01f0017,3.0426642922794116,3.044138193130493
06v69f1950,3.3046952504960316,3.3118464946746826
02v22f0682,3.7421237878632128,3.922969341278076
01v01f0004,3.2093644004790383,3.2004313468933105
02v22f0664,4.1891211205786405,4.1995415687561035
03v36f1063,3.8429828022801598,3.6284403800964355
04v53f1467,2.930390693772007,3.004974842071533
02v22f0656,1.6136971609933035,1.6648647785186768
05v59f1634,2.2741123285508693,2.2189316749572754
v12f0362c2,1.1785723368326824,1.0656816959381104
02v24f0727,2.6417179317264767,2.6272153854370117
06v73f2070,3.0608440416430995,3.117465019226074
04v52f1437,4.703902880350749,4.725802421569824
04v52f1445,4.255180544969512,4.243176460266113
v52f1438c1,4.255600702194941,4.3592095375061035
02v24f0713,2.526411812260466,2.5184988975524902
02v24f0715,3.2676883123617255,3.278939962387085
05v59f1641,2.051064231178977,2.1220107078552246
02v24f0708,3.02253788611283,2.923896312713623
03v38f1133,2.835784419890373,2.8609507083892822
v52f1447c1,2.9927068972120097,2.8180856704711914
06v73f2061,3.1389258018525843,3.10801362991333
v52f1445c1,4.266942009853957,4.225709915161133
b05v591635,2.094046519886364,2.0484988689422607
03v38f1128,2.1864714445891202,2.116731882095337
01v12f0341,2.141525128565797,2.1555559635162354
01v12f0359,3.528881176097973,3.536256790161133
03v38f1116,2.5479449836575254,2.431790590286255
02v24f0717,2.993919563293457,2.915527582168579
03v39f1150,3.8847391764322916,3.824528455734253
v39f1150c1,3.860324478149414,3.913172960281372
04v52f1438,4.092967587425595,4.262103080749512
06v73f2072,3.1424760534408245,2.9805312156677246
01v12f0344,2.9614609630867905,2.896333694458008
06v73f2071,3.65590869140625,3.6550581455230713
01v12f0351,2.46521437311747,2.419142246246338
03v38f1123,1.5165282410460632,1.535351037979126
06v73f2076,3.464021783126028,3.533177375793457
01v12f0362,1.5678125329919763,1.3751823902130127
05v59f1654,2.092888274016204,2.063277244567871
04v52f1447,2.8918731066645407,2.731760025024414
v38f1116c1,2.9952844193566848,2.888420581817627
v12f0362c1,1.7495025396347046,1.7747395038604736
04v51f1425,3.602540475350839,3.704397678375244
v30f0888c1,2.303431017645474,3.7990965843200684
02v26f0772,2.4398109978014,2.2519686222076416
01v05f0148,1.875656545978703,1.8190704584121704
03v30f0897,2.7792999267578127,2.8007326126098633
02v23f0686,3.093551775731078,3.024589776992798
v46f1310c1,2.9599785558956184,2.898989677429199
02v26f0771,2.6136802390769676,2.404496192932129
04v45f1287,3.3440801901895494,3.2931551933288574
v45f1293c1,3.2543032931298326,3.162074089050293
04v46f1314,3.367945894281915,3.3185057640075684
03v30f0885,3.595628883406433,3.610543966293335
02v26f0795,2.9727965460883246,2.6991586685180664
01v07f0174,3.418710354155144,3.5981736183166504
v30f0897c2,3.6445674452670787,3.5412840843200684
05f0125c-1,1.4157161338656556,1.3004299402236938
v26f0764c1,3.0859143565578533,2.8929250240325928
05v66f1839,3.693227327786959,3.6492056846618652
01v05f0125,2.7181854248046875,2.2163033485412598
02v26f0787,2.2966910226004464,2.234135627746582
04v45f1293,3.1762303998393397,3.1125173568725586
05v59f1642,2.5122514204545454,2.5851845741271973
02v26f0764,2.9380514778536044,2.4087588787078857
03v30f0888,2.7722866919732865,3.794973373413086
06v69f1931,2.6048265682753695,2.560279607772827
v81f2320c1,3.348470428843557,3.3438401222229004
01v03f0087,2.571111891004774,2.615767002105713
02v23f0685,3.109371682871943,3.06650447845459
v30f0897c1,2.0266798676037396,1.891836404800415
03v30f0889,3.5156223842075893,3.4924075603485107
v30f0887c1,3.4078867922547045,3.4372549057006836
06v81f2320,3.5682922999064126,3.0599992275238037
06v81f2319,3.312080815153302,3.4010796546936035
02v26f0766,3.140062366832386,3.0449585914611816
01v07f0190,2.4749648482711226,2.392007827758789
03v30f0887,4.037466091579861,4.177215099334717
06v81f2317,2.3569865144057083,2.3219997882843018
04v46f1310,2.6452350192599825,2.628413200378418
03v35f1028,3.260616726345486,3.129533529281616
02v15f0444,2.738739519488087,2.7571427822113037
05v68f1905,1.5247170991986712,1.5483874082565308
04v47f1335,4.5441508676813935,4.719128608703613
02v15f0445,3.757400014042075,3.7679245471954346
04v47f1340,5.510959201388889,5.55056095123291
v47f1340c1,5.469620971679688,5.548467636108398
06v74f2116,3.27440185546875,3.187777519226074
02v15f0439,2.55443798828125,2.5405020713806152
v35f1021c2,3.4322594052269344,3.3404958248138428
04v48f1360,3.1048648231907894,3.091703414916992
v47f1339c1,3.6185563739977384,3.6033055782318115
v35f1021c1,3.6680158648574563,3.6818578243255615
05v68f1891,2.0997212727864585,2.1046509742736816
v35f1028c1,3.1993762030117754,3.082902193069458
03v35f1041,2.579595712515024,2.7914981842041016
06v74f2088,3.1258709069454307,3.175650119781494
02v15f0428,2.6210176308689648,2.631762742996216
03v35f1035,3.5749721267242847,3.2536330223083496
v48f1371c1,3.986042785644531,3.9867396354675293
v35f1040c1,3.0550981001420454,3.068270206451416
01v08f0233,3.2665826338755934,3.405940532684326
04v48f1364,4.755128420316256,4.797266483306885
04v48f1371,4.070503853462838,3.6813008785247803
01v08f0238,2.048901798749211,2.0129034519195557
v35f1029c1,4.142450433028372,3.713822603225708
04v47f1354,4.498326139630012,4.445713996887207
01v35f1040,3.1800305667339557,3.1185989379882812
01v08f0226,4.029541261734501,4.04040002822876
04v48f1376,4.3269232254994066,4.3507304191589355
v35f1035c1,3.241667536378817,3.04030179977417
06v74f2091,3.3275168715723304,3.2405002117156982
01v08f0217,2.8664634458480345,2.877732753753662
v48f1360c1,3.4386974516369047,3.4742848873138428
03v35f1029,4.956840048030931,3.7554821968078613
05v68f1895,1.8251425390085463,1.7822085618972778
05v68f1912,1.7571340344615818,1.6296485662460327
01v08f0216,3.5619001717403016,3.546116352081299
06v74f2109,2.513664782886774,2.372002124786377
03v35f1021,3.5466670666710804,3.5317699909210205
06v79f2245,3.563615417480469,3.5432605743408203
04v55f1523,3.466377669465756,3.449416399002075
01v07f0179,2.595074034573739,2.7312135696411133
04v55f1522,3.736720838044819,3.72515869140625
05v65f1821,2.1183113486079845,2.0733795166015625
02v26f0791,2.6171489006916997,2.4121623039245605
06v79f2260,2.7085953635730964,2.564639091491699
v55f1531c1,2.900613506188553,2.837899684906006
v55f1522c1,3.7824537489149304,3.7729744911193848
06v71f2013,2.125508163914536,2.117839813232422
02v26f0794,2.536097991160857,2.2833173274993896
03v30f0883,4.1978750587406015,4.15625
05v65f1822,4.103951051063144,2.8578684329986572
02v26f0789,3.016763660519622,3.051724433898926
01v07f0193,2.4424290732731895,2.3592493534088135
v30f0907c1,3.847729386954472,3.9926562309265137
04v55f1516,2.411935329437256,2.4347028732299805
v30f0883c1,4.308405095880682,4.370370388031006
06v71f2006,2.861550723805147,2.8606271743774414
02v26f0779,2.770786782969599,2.699829339981079
04v55f1512,1.4058940739921444,3.340336322784424
01v07f0194,3.8743988037109376,3.581559896469116
v55f1523c1,3.781458928034856,3.6988236904144287
06v71f1997,2.4624459980339406,2.3459131717681885
06v79f2257,2.6738902052787887,2.6739470958709717
06v71f1987,2.660225851493969,2.4937081336975098
05v65f1824,3.1696460620777027,2.793991804122925
01v07f0184,2.2183918757393535,2.18337345123291
02v26f0767,1.8625089009602864,1.7886970043182373
05v65f1809,2.6591900356897566,2.6646339893341064
03v30f0902,4.071233043931935,3.7848968505859375
04v55f1531,3.21528185133966,3.035353183746338
06v79f2261,2.7319955825805664,2.837045669555664
01v07f0187,3.984898286707261,4.046375274658203
v55f1531c2,2.975308312310113,2.8484573364257812
05v65f1825,3.3492526536274294,3.3224222660064697
04v55f1511,2.05771721733941,2.598343849182129
06v71f2010,2.6435504524075255,2.648421049118042
05v65f1813,3.02432058907889,3.0472819805145264
03v30f0907,4.880801983733676,3.819683313369751
02v26f0796,3.39871589906754,3.322861433029175
03v30f0900,2.071495939555921,1.958199381828308
01v07f0176,1.6336816994540662,1.5790820121765137
01v07f0185,3.076513534201715,3.028846263885498
03v30f0892,3.4309650289601294,3.2322912216186523
05v68f1922,3.0680286114032453,2.3631582260131836
02v17f0529,2.635514418284098,2.5993831157684326
v54f1494c1,4.965911865234375,5.008726596832275
02v17f0501,2.452756056145056,2.3217360973358154
03v31f0916,3.797117162633825,3.6384291648864746
03v31f0935,2.660389078074488,3.325307846069336
05v60f1672,2.427539532001202,2.3781723976135254
02v17f0516,2.0144047557859492,1.925764560699463
03v34f1005,3.5908279418945312,3.5794174671173096
03v31f0919,3.3875295255466598,3.417818784713745
02v17f0517,2.9105758666992188,2.9260568618774414
v31f0935c1,3.6624886648995534,3.7229466438293457
v54f1509c1,4.1913311298076925,4.045886039733887
02v17f0511,3.3263730704066266,2.5155868530273438
05v68f1893,1.7055393729622907,1.7373420000076294
17f0511 c1,2.915772705078125,2.523068904876709
01v07f0188,1.1737492069317277,1.3084112405776978
01v10f0296,3.7148312630897267,3.6807339191436768
03v34f1015,3.6237948187466325,3.4942970275878906
v31f0916c1,3.5527211436024912,3.53289532661438
04v54f1504,4.02157958984375,4.1412034034729
06v76f2163,2.7435589225924746,2.5567281246185303
04v55f1513,2.537501653035482,2.3301539421081543
v34f1005c1,3.6057690876286204,3.602191686630249
06v76f2170,2.5598210473755496,2.513547897338867
04v55f1526,4.882622028219289,5.079063415527344
v31f0919c1,3.5958397498497594,3.6158196926116943
02v17f0532,2.9387718406883447,2.936192035675049
v17f0509c1,3.4877966094435306,3.62399959564209
03v34f1016,3.1130814985795454,3.218750238418579
05v68f1898,1.9185403677133412,1.888888955116272
06v76f2178,2.5251245632977555,2.4112157821655273
02v17f0509,3.5796103597689077,3.5413222312927246
04v54f1494,5.0885093442855345,5.063750267028809
04v55f1510,2.2020269254358804,2.0857949256896973
05v68f1921,3.0569271850585937,3.071939468383789
06v76f2152,3.056087687864142,2.331165313720703
03v34f1010,4.390444252112393,4.545767784118652
04v54f1509,4.457286916577253,4.227969646453857
01v07f0173,3.336440676734561,3.2894139289855957
v34f1010c1,4.556218894131212,4.621527194976807
04v47f1334,3.6754590548001804,3.7652292251586914
04v46f1316,3.143951766792385,2.759031295776367
02v21f0632,2.2678762149055904,2.2580645084381104
06v81f2336,2.553150350397283,2.542865753173828
02v21f0650,2.0049860790522414,1.945807695388794
v46f1316c2,3.296218660142687,3.1815524101257324
v45f1281c1,2.470916312081473,2.4164159297943115
06v81f2326,1.7339214311842246,2.2724552154541016
v46f1316c1,2.6778792477725597,2.560321092605591
04v47f1347,3.385414817116477,3.355311393737793
01v07f0186,3.6210322967947346,3.548337459564209
02v24f0718,3.4184475853329612,2.9411754608154297
05v66f1851,2.632638221929881,2.316239356994629
01v05f0128,3.2444113198812907,3.567901134490967
02v24f0722,2.706726581998752,2.9953267574310303
v47f1334c1,4.169356095163446,4.128787994384766
v05f0128c1,4.142344447544643,4.205041885375977
04v46f1328,3.4301078102805396,3.4805917739868164
01v04f0119,2.507412454356318,2.5495150089263916
02v21f0626,1.8762640416974852,1.8624545335769653
04v55f1529,3.727337646484375,3.7621958255767822
05v59f1628,1.9340407427619486,1.9681978225708008
04v43f1223,4.827882893880209,4.884876251220703
04v45f1281,2.462864637374878,2.4097604751586914
v24f0718c1,3.50703267848238,3.0228309631347656
06v81f2332,2.736821702689179,2.463346242904663
04v47f1355,3.115204412286932,3.1128199100494385
04v55f1532,3.184604008992513,3.146590232849121
01v07f0196,2.8392509011661304,2.706446409225464
v81f2326c1,2.4205343458387585,2.423405647277832
v55f1532c1,3.146700702136076,3.1602306365966797
v37f1087c1,2.0117608047113187,1.8192776441574097
04v47f1343,4.2550542077352835,4.156862735748291
03v32f0945,3.0660913979134907,3.1323695182800293
v32f0945c1,2.7521519252232145,2.7987282276153564
03v36f1058,2.8066434791619828,2.5737178325653076
03v32f0957,2.8314155372413428,2.7579026222229004
02v20f0616,2.1680889365113813,2.1075472831726074
05v64f1790,2.9085459338568653,3.020761251449585
02v20f0610,1.971893560690958,1.9337859153747559
01v07f0200,3.2709212691695604,3.2860822677612305
06v75f2139,2.9730938288170523,3.035548686981201
03v36f1067,3.278256591796875,3.2806692123413086
03v37f1087,2.228693816621425,2.0763633251190186
05v64f1789,2.4491676422486823,2.427553653717041
v75f2144c1,2.3398228109317976,2.285645008087158
v37f1082c1,3.1106462478637695,3.1151442527770996
01v06f0152,2.856412720911711,2.9269914627075195
06v75f2146,2.7239695182908767,2.706498146057129
06v75f2127,2.425813489082532,2.312941074371338
02v21f0633,1.6175034611100652,1.5351349115371704
v32f0945c2,3.214245040981756,3.2104077339172363
01v07f0198,4.186782086481814,4.0964460372924805
01v06f0170,1.9997945039168648,1.973934292793274
06v75f2144,2.341537585890437,2.2775425910949707
04v55f1520,3.4333552870639537,3.2637929916381836
01v06f0156,2.0040880637194114,1.960176944732666
02v21f0639,2.0614401607190147,1.9178261756896973
v36f1058c1,3.3175558847923803,3.072413682937622
v07f0198c1,4.205110598833133,4.0964460372924805
v21f0646c1,2.378007806659315,2.2808399200439453
02v21f0646,2.129911262491531,2.2447125911712646
02v24f0707,2.919761765171105,2.859628915786743
05v65f1826,2.85293063869724,2.8582935333251953
03v37f1082,2.925220348216869,2.9083638191223145
04v47f1338,4.037533753670302,4.1561970710754395
04v55f1518,3.4189965199615995,3.471391201019287
02v20f0596,2.334999709832864,1.9778187274932861
01v04f0097,2.2182458948206016,2.267195701599121
06v75f2137,2.1128705193014707,2.0152602195739746
06v75f2141,2.352587890625,2.3501579761505127
v37f1082c2,2.8239664476971296,2.8752942085266113
02v24f0728,3.2508551779757724,3.202784299850464
01v07f0197,3.059477393306903,3.066364288330078
02v16f0489,2.384417868520284,2.342925786972046
04v52f1449,4.479366366423708,4.70477819442749
01v11f0301,2.62267865467464,2.6031746864318848
04v55f1530,2.8509913627347796,2.8735084533691406
v16f0489c1,2.492937037553737,2.421602487564087
01v10f0282,2.7013582190688776,2.6429905891418457
02v16f0472,3.1853514127204754,3.2058820724487305
05v68f1911,2.0520934153027635,1.9475979804992676
01v11f0306,,
v11f0301c1,2.5988320840371624,2.578312635421753
04v48f1374,3.8804745036325636,3.895463228225708
01v06f0164,2.460942021122685,2.407228708267212
v16f0489c2,2.5405001126802884,2.484022617340088
v11f0306c1,,
v16f0489c3,2.413356720455109,2.3154125213623047
04v55f1534,2.4046926616150657,2.2979350090026855
01v07f0201,4.72513202058167,4.87967586517334
v16f0472c1,3.275579053302144,3.2675728797912598
v52f1449c1,3.523940627639358,3.5058460235595703
01v11f0327,2.457622188763477,2.1343283653259277
v16f0478c1,2.2918926532451924,2.2223477363586426
v39f1161c1,3.4429333256740198,3.559925079345703
01v09f0247,3.701803855525637,3.7009174823760986
v16f0474c1,1.802147022192029,1.730878233909607
03v39f1161,3.1313712037639854,3.252390146255493
05v62f1729,2.663074395595453,2.678048610687256
06v70f1954,2.6890120746933412,2.7100918292999268
v54f1500c1,3.7201208817331413,3.678602695465088
v46f1322c1,3.226557192595109,3.1561996936798096
02v17f0526,1.4650935047077682,1.3022892475128174
03v39f1151,3.458877685546875,3.202469825744629
02v17f0522,2.90422924144848,2.9056081771850586
01v08f0237,2.8153853643508184,2.804955005645752
02v16f0490,3.087501333541229,3.180112361907959
04v52f1442,4.7161373712320245,4.741767883300781
06v70f1974,3.070882298002307,3.052157402038574
04v46f1322,3.5662534098979854,3.3608696460723877
01v09f0245,3.098536649196268,3.1887478828430176
02v17f0525,2.056262312264278,1.8731695413589478
05v62f1745,2.7080948703972867,2.6363637447357178
03v39f1164,4.863824944747122,4.942531585693359
02v16f0487,3.1771144394047006,2.7815511226654053
06v70f1968,3.5338616892069328,3.4992079734802246
03v38f1135,2.638604317002624,2.6711621284484863
03v38f1145,4.090487019399578,2.6612908840179443
v16f0490c1,3.2485438755580356,3.28676438331604
v38f1135c1,2.6005049776439826,2.6663002967834473
v38f1145c1,2.6300794161283054,2.6607143878936768
05v62f1715,2.0983762239155017,2.0335421562194824
v16f0468c1,3.1416292259161422,3.074336290359497
02v16f0474,2.066310337611607,1.9719620943069458
02v16f0468,2.4562286376953124,2.315122365951538
01v09f0260,3.3854605538504465,3.366729497909546
01v09f0257,4.893659973144532,5.069845199584961
03v39f1160,2.7256801060267857,2.422222375869751
04v54f1503,3.6839036817674513,3.2816002368927
v54f1503c1,4.571896300023916,4.4503936767578125
v54f1500c2,3.5424495878673734,3.3623547554016113
04v54f1500,3.591894411573223,3.4273691177368164
v16f0487c1,2.9977192878723145,2.99733829498291
04v54f1491,5.160319010416667,4.792501449584961
05v65f1816,2.5879446847098215,2.5701558589935303
02v16f0478,2.2960860624663013,2.094949245452881
02v17f0499,1.808442857530382,1.7303259372711182
02v16f0488,3.6582659448099415,1.8846149444580078
04v52f1455,4.323370840035233,4.284025192260742
01v08f0211,3.43773919968378,3.3374619483947754
01v08f0234,2.331124600497159,2.257462978363037
01v08f0222,3.0477526956353307,2.8545989990234375
03v31f0920,2.8396321029114207,2.8467655181884766
02v19f0582,2.6463808153496413,2.219231128692627
05v60f1680,2.058308219909668,2.0453312397003174
v31f0933c1,2.1642019602173534,2.0850110054016113
06v76f2166,2.529541015625,2.2881362438201904
v43f1240c1,4.4284826876849115,4.496970176696777
03v31f0933,2.7820668538411457,2.825632095336914
v31f0925c1,3.096337646484375,3.075740098953247
02v19f0564,2.3543336738660496,2.3153293132781982
06v76f2159,2.9626574104214893,2.987499952316284
03v31f0925,3.014692345444037,2.9577951431274414
04v53f1478,4.6781427292596724,4.677353858947754
06v76f2164,2.395036384240905,2.384981870651245
01v12f0356,2.470047660495924,2.54959774017334
02v19f0568,2.4825836181640626,2.2614102363586426
v31f0923c1,2.7118823933151535,2.528301954269409
05v60f1662,2.5170563079498627,2.473933696746826
v31f0920c1,2.7697023023076417,2.6988766193389893
03v31f0923,2.9851317586778086,2.8187506198883057
06v76f2158,3.1535737677271585,3.1428563594818115
v31f0940c1,3.8787770425119708,3.8997535705566406
05v60f1685,1.7652979378748421,1.722590446472168
05v60f1676,2.7019017537434897,2.6396405696868896
02v19f0566,2.660333251953125,2.680661678314209
04v43f1234,4.911278194851345,4.909894943237305
01v12f0355,3.367840935202206,3.4033234119415283
03v31f0913,4.141438473937332,4.008694648742676
3v310938c2,3.915653846783345,3.8702828884124756
01v12f0365,2.8376366696765074,2.85054349899292
02v19f0583,2.8563272227411685,2.948277473449707
03v31f0940,4.017750341567635,3.647787570953369
06v76f2157,2.445716725913711,2.1111114025115967
03v31f0928,3.2604414379323714,3.1651790142059326
v31f0920c2,3.3220253392269736,3.1042778491973877
04v43f1225,3.840804100036621,3.878042697906494
03v31f0921,3.7961284930889425,3.8260040283203125
04v43f1240,4.35341537401872,4.348024368286133
02v19f0572,2.6528452367455473,2.6292335987091064
06v76f2155,3.0316648321636652,3.078009605407715
03v31f0938,4.061134523458558,3.9326088428497314
76f2157 c1,2.1111351953793878,2.077955722808838
v53f1478c1,4.598251805160984,4.666853904724121
01v12f0363,3.5902168824500644,3.5081615447998047
v31f0928c1,3.076823452062774,3.086111307144165
76f2155 c1,3.134025141877948,3.2586872577667236
v31f0921c1,3.8253422489872686,3.82608699798584
02v19f0585,2.113618406530929,2.147874593734741
01v12f0347,4.213135282872087,4.308464527130127
v31f0938c1,4.419955345892137,4.493975639343262
76f2164 c1,2.4379491391389267,2.5154569149017334
03v27f0802,3.4377834435665244,3.199514150619507
04v53f1460,4.048969615589488,3.995039463043213
03v27f0822,3.953037806919643,3.72210955619812
v27f0823c1,4.2018646636566555,4.244833946228027
05v57f1573,3.0070088116419798,2.9823787212371826
03v27f0810,2.6725854091956966,2.6118719577789307
05v56f1564,3.107478736812233,2.7591238021850586
02v25f0769,3.1226567807404892,3.0976908206939697
04v53f1471,4.012758639078498,3.8395724296569824
01v08f0229,3.2814788818359375,3.190375328063965
05v56f1552,2.1349975197178543,2.104376792907715
01v03f0082,2.567262385441707,2.5679757595062256
06v73f2064,3.939712783037606,4.116751194000244
03v27f0806,3.0104462996773096,2.932464122772217
02v25f0735,2.3592596579724407,2.314814567565918
03v27f0823,4.701695791682842,4.450841903686523
03v27f0824,3.840870965387403,3.582995891571045
04v44f1273,2.9021166252367423,2.612431049346924
01v08f0235,2.045507462298284,1.7394205331802368
04v51f1432,4.387959120008681,4.413052558898926
06v73f2062,3.7781363986185843,3.5652174949645996
v73f2062c1,3.8048023288532837,3.7074902057647705
01v03f0091,2.969416568153783,1.9789915084838867
05v56f1562,2.357236375995711,2.4161860942840576
v27f0806c1,3.1991166912141393,3.1111114025115967
01v08f0224,3.1637852044753085,2.943052291870117
04v44f1265,2.2530505668826217,1.9731183052062988
02v15f0442,4.603989407477251,4.661538600921631
02v25f0734,1.7152662364714737,1.723090648651123
v44f1273c1,2.8487793386799014,2.779578924179077
v51f1432c1,4.381745810820678,4.328482151031494
v03f0091c1,2.008061876483992,1.8816782236099243
02v25f0740,2.079535207440776,1.9830090999603271
v53f1471c1,3.798390830435404,3.722257375717163
v27f0824c1,4.010961398272447,3.636770248413086
01v08f0209,2.422654724121094,2.395608425140381
02v25f0756,2.4267177327473957,2.367225170135498
02v15f0426,2.9364532470703124,2.935184955596924
02v25f0762,2.743717001997717,2.3145532608032227
02V24F0704,2.4731350917179262,2.365454912185669
01V06F0166,1.6623879148249041,1.5915827751159668
03V29F0868,3.496412368047805,3.339817523956299
V24F0725C1,3.608294122869318,3.5514564514160156
05V63F1770,3.1614001043911637,3.132420301437378
03V29F0859,3.4784496789691093,3.510895252227783
03V29F0872,3.619795146741365,3.640096664428711
06V73F2046,2.4375320434570313,2.41941499710083
02V24F0729,2.787541984789299,2.6996266841888428
02V24F0706,2.9335533705073153,2.9360339641571045
03V29F0864,2.7446125878228083,2.578049659729004
06V73F2058,3.527699571974734,3.480520009994507
03V29F0881,3.1832699659394055,3.308452844619751
01V06F0169,2.66281103515625,2.827981948852539
02V24F0724,2.961793899536133,2.980085849761963
05V63F1750,3.107373046875,3.111510753631592
05V63F1762,2.6579228153935186,2.6379923820495605
01V06F0155,2.9789821079799106,3.241316080093384
02V24F0712,3.094093805626978,3.0029592514038086
04V44F1249,2.9886077880859374,3.2005648612976074
06V73F2049,3.2137185801630435,3.153846263885498
04V44F1260,2.9655932864627323,2.8250253200531006
05V63F1773,3.0141426595052083,2.997084617614746
01V06F0158,2.1163463289775546,1.975184679031372
04V44F1253,4.338720497964811,4.417624473571777
06V73F2085,2.7279779961768615,2.700901508331299
06V73F2055,3.0095419359456805,2.887059211730957
01V06F0153,2.0136424538618076,2.003300189971924
02V24F0716,2.7987450458311587,2.77506422996521
04V44F1263,3.584916487984035,3.3587827682495117
V24F0716C1,2.88280696930623,2.8354835510253906
05V63F1772,3.033535197629767,2.899721145629883
02V24F0720,3.5564103668811273,3.3890116214752197
06V73F2060,3.3767443710498597,3.4439024925231934
02V24F0725,3.1651144316702178,3.1681880950927734
01V04F0101,2.9089529472484923,2.944444179534912
04V44F1264,4.121102725758272,4.132669448852539
01V06F0157,5.19160270690918,5.278048992156982
06V73F2067,3.0083964860358208,3.0183920860290527
06V73F2074,3.1540403901860956,3.227419376373291
04V44F1268,4.1631887806204215,4.160231590270996
01v12f0334,1.531663811725119,1.340951919555664
02v24f0702,3.165064216382576,3.074592351913452
06v72f2041,3.0209752755571704,2.8489937782287598
6v72f2041c,3.8638414404858117,3.809523344039917
02v19f0576,2.4492688125438904,2.3284456729888916
05v68f1907,2.1785860545074884,2.1089630126953125
04v55f1524,4.1394175653872285,4.096866607666016
06v72f2021,3.711959645717959,3.82741117477417
v18f0563c1,1.9529703177657782,1.9830583333969116
01v12f0335,2.61845148826132,2.6161842346191406
05v56f1542,2.125734141175176,2.1236753463745117
11f0332-c1,2.2409829193691038,2.165048599243164
04v50f1414,3.8113873130396794,3.8481338024139404
02v19f0570,2.836646776520804,2.9040005207061768
02v18f0554,2.9777006886977353,3.0094337463378906
02v18f0549,2.3228276909722223,2.244419813156128
01v11f0332,2.3579032361642573,2.2214181423187256
01v11f0304,2.347186464251894,2.3663711547851562
01v12f0348,1.7781637813268083,1.643544316291809
01v11f0307,1.7446006139119465,1.9821842908859253
04v55f1528,3.1516573068633953,2.93403697013855
06v73f2050,3.133808390299479,3.170726776123047
04v55f1517,5.693678179990898,4.602564811706543
v55f1524c1,4.040569652210582,3.8381314277648926
01v11f0302,2.7421858614723154,2.7247049808502197
02v18f0563,2.3003129675033245,2.100139617919922
04v55f1533,3.037381290050035,3.0893969535827637
v35f1031c1,3.3901904424031577,3.479097366333008
03v32f0949,5.338389780329562,3.358105182647705
03v38f1115,2.2401238734426063,2.1849708557128906
02v18f0562,2.394529854910714,2.3313348293304443
02v24f0709,2.942186279296875,2.8408946990966797
03v38f1130,2.413531494140625,2.273622512817383
05v56f1556,2.939342792217548,3.0570993423461914
v32f0949c1,3.4746401406885163,3.4118995666503906
06v73f2083,2.6454971396857925,2.499999523162842
01v07f0183,1.1667339124177631,1.0422487258911133
01v07f0171,3.689144697345671,3.585749626159668
03v35f1031,3.1979188464936756,3.1679539680480957
01v07f0191,2.6950066384304776,2.5316455364227295
04v49f1383,3.304035899403331,3.2799932956695557
05v65f1802,2.521606945600666,2.1389572620391846
04v43f1248,4.197345461164202,4.280919075012207
01v02f0066,2.5833431777133735,2.4656083583831787
02v22f0677,2.2810866541142087,2.0612239837646484
49f1392 c1,2.7484636306762695,2.6542820930480957
01v02f0062,1.7188127957857573,1.6863254308700562
05v66f1849,2.1254501342773438,2.0797767639160156
02v25f0739,2.962278566160402,3.0341460704803467
v39f1157c1,2.9820366531121927,3.0455408096313477
06v75f2140,2.3824944224784046,2.3176474571228027
03v30f0886,3.208122991746472,3.0232930183410645
02v22f0674,2.8865127563476562,2.878451347351074
06v78f2221,3.001568568235188,3.001331329345703
01v10f0294,3.4231784332420023,3.3807830810546875
03v39f1157,2.9005167196085164,2.9146921634674072
02v25f0751,3.0979190402560763,3.2216196060180664
04v44f1259,3.8362491688829787,3.811842441558838
v44f1259c1,3.861463623046875,3.825151205062866
v65f1802c1,2.6932923363857584,2.4166669845581055
47f1352 c1,6.427437918526786,3.814378261566162
v30f0886c1,3.702488394344554,3.403986930847168
v35f1038c1,3.560278574625651,3.766026020050049
04v47f1352,4.894039684346973,4.136363983154297
05v63f1765,2.744219061668883,2.690697431564331
06v78f2227,3.42733178549255,3.423076868057251
01v02f0040,2.9683431613664686,2.9037976264953613
03v35f1038,3.357186729029605,3.8547511100769043
04v49f1392,3.2108380126953127,2.994281530380249
06v78f2224,3.897900633550995,3.8542320728302
01v10f0287,3.2956023263459158,3.467625856399536
05v63f1759,2.792326166388694,2.80070424079895
04v47f1342,3.280150764866879,3.362173318862915
03v37f1107,2.945789761013455,2.914398670196533
06v71f1985,2.3619657389322914,2.294773578643799
04v48f1366,4.700120544433593,4.395148277282715
06v71f2000,2.2725545247395833,2.174769639968872
03v37f1103,2.70990141740082,2.6952908039093018
03v38f1143,2.234311995967742,2.1849708557128906
03v38f1144,2.420338061031879,2.38832950592041
01v06f0162,1.9928748721168155,1.8751895427703857
02v26f0792,2.750905872064795,2.7477474212646484
03v38f1121,2.1680684903772867,2.2168140411376953
02v15f0457,3.4358377659574466,3.2916665077209473
02v26f0788,2.634620121547154,2.6001482009887695
05v64f1793,2.7960451323410562,2.7647056579589844
02v20f0618,1.7875529587870898,1.4347821474075317
v38f1121c1,2.391120357789855,2.4205129146575928
v47f1349c1,4.599517366779384,4.604430675506592
01v03f0092,2.814471690826996,2.7039477825164795
v37f1111c1,1.6472288131713868,1.606119155883789
v37f1107c1,3.027040618458433,3.0033442974090576
01v03f0081,3.272272677034945,3.3061845302581787
02v26f0793,3.3341984403306157,3.0941176414489746
02v21f0649,2.2679368791537047,2.301760196685791
01v04f0102,2.00766921043396,2.1824228763580322
02v21f0636,1.604129755829141,1.5512365102767944
04v47f1349,4.665715184705011,4.614066123962402
03v37f1106,2.760162870762712,2.747659683227539
03v37f1111,1.8830246869255514,1.7578001022338867
01v06f0168,1.7017087375416475,1.6467678546905518
03v39f1177,2.333607529148911,2.1839466094970703
06v71f2001,2.846399148627662,2.854679822921753
04v48f1369,4.071951016512784,4.012345790863037
v37f1103c1,2.652722238124102,2.52077579498291
3v371106c1,2.8744653478845374,2.8826818466186523
02v20f0609,2.4186054576526987,2.274230480194092
v38f1144c1,2.7256911705280173,2.6545257568359375
02v15f0459,2.0916530064174106,2.046846866607666
01v01f0023,3.3762660882411857,3.374743938446045
v33f0980c1,3.4175833425214215,3.356358289718628
02v17f0518,2.8338992745535716,2.7947754859924316
01v01f0030,2.9018630981445312,2.9022042751312256
02v19f0577,2.3427291780884505,2.327272891998291
04v50f1412,2.054576110839844,2.056047201156616
05v64f1788,2.6106977320429103,2.569915294647217
01v01f0028,2.1024563917473182,2.0899996757507324
02v17f0513,1.8780753152412282,1.8518033027648926
01v01f0034,2.9186383415670956,2.83188533782959
06v71f1994,2.266998984596946,2.231137752532959
05v64f1797,2.7503523393110796,2.662264347076416
06v79f2270,3.155064542528609,3.07228946685791
03v31f0930,5.259692852313702,4.991912841796875
v17f0518c1,2.8821699947188226,2.850364923477173
03v33f0980,2.9444461220189146,2.8897759914398193
06v79f2268,2.9149293505455836,2.883680820465088
01v03f0066,2.454969482421875,2.3376121520996094
v50f1416c1,3.4221414838518416,3.26418399810791
04v50f1399,3.0726693371620297,3.0934576988220215
01v03f0083,2.6554790941108184,2.6850643157958984
03v33f0971,3.8386934720552883,3.895017623901367
v33f0985c1,4.951768742051235,5.057569980621338
05v64f1794,3.18916332273555,3.0961544513702393
03v29f0856,2.909155153760723,2.9423675537109375
02v25f0733,1.325888289886267,1.1904758214950562
v50f1399c1,3.196677652994792,3.164997100830078
01v01f0013,2.874641587999132,2.8731188774108887
01v05f0133,2.8637072504783165,2.86466121673584
01v12f0353,2.589441725045196,2.626304864883423
02v25f0742,2.1716275708428743,2.075500011444092
04v50f1416,3.2210373878479004,3.0925040245056152
02v25f0732,2.4981929499928546,2.1454861164093018
v31f0930c1,5.084155060524164,5.034393787384033
03v33f0985,4.913247385332661,5.057482719421387
02v19f0584,2.836021951159591,2.595308542251587
04V43F1227,2.566851574441661,2.3710780143737793
02V21F0644,2.659984136644698,2.6393442153930664
01V04F0118,1.491083854638436,1.3287674188613892
03V27F0798,2.760341099330357,2.616279125213623
01V04F0117,2.843481254577637,2.783675193786621
06V72F2038,2.6207222793003817,2.32293963432312
03V27F0801,3.229872575895054,3.051020622253418
04V43F1237,5.44550290882078,5.335787296295166
05V56F1545,2.613608996073405,2.5526559352874756
02V21F0631,2.0950394515152815,2.0037038326263428
01v04f0104,3.2556509923453283,3.0559208393096924
V72F2040C1,3.9115202162000866,3.896768093109131
01V04F0121,3.2799003451478246,3.341646671295166
V43F1237C1,4.976151529947916,4.825761795043945
04V43F1230,3.5737874648150276,3.691032886505127
V72F2040C2,2.524186037899403,2.3910250663757324
V72F2038C1,2.3690906871448862,2.4499311447143555
03V27F0809,3.644037882486979,3.5506505966186523
V27F0817C1,4.014197928006531,4.00795841217041
02V21F0643,2.0941330177196558,2.0169448852539062
06V72F2040,3.143220766129032,2.4666857719421387
02V21F0642,2.121017335906742,1.5800358057022095
3V270801C1,3.139855110999381,3.051020622253418
V27F0798C1,2.4631393895004736,2.3276987075805664
01V04F0112,3.2182301607998935,3.2829203605651855
04V43F1238,4.6147437157569,4.586141586303711
06V72F2031,3.063168525695801,2.9554221630096436
03V27F0817,4.1283983204462755,4.0724687576293945
01V04F0100,2.4642322468307785,2.2866663932800293
05V56F1550,2.801611889367816,2.740206718444824
02V21F0651,1.8904408806582227,1.8366665840148926
02V21F0629,2.275404213118727,2.07891845703125
V51F1426C1,3.6316479938786204,3.5758886337280273
03v36f1064,3.0003849445003095,2.720797061920166
v36f1052c1,4.005572569023058,3.9570553302764893
02v20f0593,2.431507110595703,2.3980565071105957
v36f1061c1,2.531691769519484,2.5124714374542236
03v36f1050,3.648842140480324,3.662445545196533
02v20f0594,3.708795525045956,3.711369752883911
03v36f1070,3.143062230160362,3.05973482131958
06V69F1944,2.976157531738281,2.855750799179077
04V51F1417,3.344487871442522,3.4583897590637207
69F1938 C1,2.7634281524240154,2.643453598022461
03v36f1049,3.265002306769876,3.060267448425293
1791164601,2.9884000768983996,2.9545445442199707
v36f1053c1,2.870436774359809,2.734414577484131
01V03F0074,2.7843890323817173,2.908888816833496
04V51F1434,3.149217802902748,3.1088240146636963
06V69F1941,3.040852685331773,2.956716537475586
V03F0073C1,2.8516506169805464,2.8903393745422363
02v20f0598,2.450889793602196,2.245398759841919
v36f1069c1,2.965656177417652,2.992558479309082
02v20f0612,2.3075875502366285,2.3625826835632324
02v20f0614,2.157260628633721,2.038297176361084
06V69F1938,2.719207763671875,2.682741403579712
03v36f1069,3.3088487025669644,3.2869956493377686
1776125850,3.745117950439453,3.7245547771453857
01V03F0069,2.344967289974815,2.5425033569335938
V81F2316C1,2.504621742415602,2.4506771564483643
03v36f1080,3.384567624046689,3.2418417930603027
1787105420,2.6146489585318218,2.638059616088867
04V51F1436,3.4530217787798714,3.449202537536621
1786153648,2.4376858665829615,2.4747705459594727
03F0069-C1,2.3011984989560883,2.449690341949463
01V03F0096,2.8910245259602863,2.945449113845825
81F2333 C1,2.469241014167444,2.458371877670288
06V81F2333,2.421498915728401,2.4350812435150146
05V64F1782,2.6369232177734374,2.57822322845459
01V03F0073,3.4525196308992347,3.0853331089019775
06V69F1940,3.171212642150518,3.097599983215332
02v20f0615,1.4961638980441623,1.8617616891860962
04V51F1433,3.796263954856179,3.9601569175720215
04V51F1426,3.8803209408309107,3.9414312839508057
01V03F0068,2.4207732616805284,2.4076738357543945
69F1944 C1,3.2289010184151787,3.2529704570770264
04V51F1423,2.92885983645261,2.845438241958618
03v36f1061,3.101587680423206,3.0326972007751465
06V81F2316,2.4074001969962286,2.299347162246704
03v36f1053,3.0671459636857024,2.7398529052734375
03v36f1052,3.15845064792585,3.4308035373687744
v36f1070c1,2.860734699153099,3.017190933227539
01V03F0090,2.292160255321558,2.3400700092315674
01V03F0088,2.789707699337521,2.8832342624664307
69F1941 C1,2.5183758143960993,2.25
01V03F0089,2.8255019077034884,2.8305652141571045
05v56f1547,2.556641436637716,2.5606555938720703
02v26f0775,2.143561396105536,2.0622448921203613
04v44f1261,3.915981716579861,3.8796541690826416
02v22f0680,1.7159883325750178,1.4126560688018799
05v57f1584,2.9061691100338853,2.8525643348693848
v30f0904c1,3.199042202027376,3.05972957611084
02v16f0495,2.5661459433065876,2.508950710296631
03v30f0899,3.5540348260655446,3.603773832321167
v30f0896c1,3.6795056213685617,2.7301204204559326
04v55f1527,3.928892135620117,3.757742404937744
04v46f1313,3.368811585849389,3.28230619430542
06v74f2104,1.9870913943728885,1.878692388534546
06v75f2126,2.6797416198429804,2.6671488285064697
02v26f0769,2.572126305621603,2.530611991882324
v44f1261c1,4.040693882533482,3.898115873336792
06v75f2145,2.5688511945199277,2.690999984741211
05v56f1559,2.3828851609002974,2.3355700969696045
v46f1313c1,3.4640029271443686,3.416808843612671
06v74f2089,2.536416385950667,2.549680233001709
03v30f0896,3.397153831753335,2.657470703125
03v29f0869,3.808256555776127,3.4611876010894775
04v53f1475,2.653537951017681,2.5734071731567383
05v56f1554,3.604061550564236,3.6060612201690674
03v29f0865,2.684116908482143,2.697594404220581
02v16f0492,3.0545557244506405,3.0439560413360596
v16f0492c1,2.839827643500434,2.7964134216308594
02v26f0768,2.113648374181733,1.8441556692123413
02v22f0667,3.8213363603988606,3.796536922454834
06v74f2092,3.163386989284206,3.0406484603881836
03v30f0904,3.1250924246651786,2.9683525562286377
01v09f0268,3.431051388302365,3.3822319507598877
06v74f2098,2.4524953741776314,3.000084400177002
v38f1132c1,2.797430879326277,2.6469249725341797
v38f1142c1,2.960370122169962,2.442871570587158
01v09f0248,2.529199432908443,2.7020411491394043
05v60f1679,2.6621997448825097,2.6674585342407227
01v09f0239,4.863094232021234,4.7868170738220215
04v46f1317,3.335614568536932,3.2765960693359375
02v14f0423,2.0603051021181304,1.9988772869110107
74f2108 c1,3.4589980552936423,3.4059059619903564
05v60f1686,2.224218946887601,2.232210159301758
04v46f1332,3.7052615551238364,3.596989870071411
03v38f1132,2.899467160348935,2.856024742126465
05v60f1675,2.145564759176884,1.8726108074188232
04v46f1319,2.9582940964471724,2.939086675643921
v46f1317c1,3.480370203653971,3.340607166290283
04v46f1312,3.720366808832908,3.569915533065796
05v60f1663,3.359146068135246,3.431547164916992
02v14f0399,2.096205237958071,2.0540544986724854
02v14f0397,2.8433779061558737,2.902170181274414
01v09f0255,3.1326356896370515,3.126462459564209
02v14f0393,1.5308797329286985,1.4977773427963257
v38f1127c1,2.2682794794306025,2.2117786407470703
v14f0423c1,1.6441499284170207,1.6753252744674683
v09f0239c1,4.561739196777344,4.405697822570801
06v74f2096,2.142004197643649,2.0123696327209473
03v38f1127,1.8607056857904187,1.7814576625823975
05v60f1684,2.271234997630825,2.252723455429077
05v60f1668,1.660667602958548,1.6965516805648804
06v74f2114,3.72297535771909,3.466063976287842
03v38f1136,3.0967003384927163,3.174004077911377
06v74f2118,2.841600827979495,2.8483686447143555
03v38f1139,2.01725215061455,1.9607326984405518
01v09f0242,3.273158146784856,3.2895102500915527
02v14f0422,1.9708165988116197,1.8817334175109863
03v38f1117,2.4911073118775757,2.4858670234680176
02v14f0419,1.9833969528610642,1.7532471418380737
05v60f1678,2.0582757994186047,2.068854331970215
03v38f1138,2.3307017573603876,2.1131930351257324
03v38f1142,2.9322521780419537,2.464359760284424
06v74f2106,3.389829427889078,3.012598991394043
04v46f1330,3.179580069877006,3.1624724864959717
06v74f2101,3.9226898648845614,3.512321949005127
v46f1332c1,3.6509974161783854,3.375
04v46f1333,2.6664259168836804,2.6588687896728516
06v74f2108,3.420101589626736,3.2997961044311523
02v14f0421,2.220781307156668,2.110320568084717
74f2108 c2,3.8416960866827714,3.4819278717041016
02v14f0414,2.129124623424602,2.010380744934082
v44f1251c1,3.2567517315899885,3.177325487136841
01v01f0027,2.812561932732077,2.851405620574951
02v17f0515,2.4069687544933855,2.5595502853393555
02v19f0580,2.6437618748671343,2.5342469215393066
06v79f2246,3.1160103378781847,3.3573083877563477
06v81f2325,3.050414046620935,2.7826087474823
06v79f2264,3.588330918464108,3.799999713897705
v50f1401c1,3.346826386033443,3.3548386096954346
04v50f1402,3.207139171253551,3.1925930976867676
05v57f1591,2.1261958530970984,2.101332187652588
19f0580 c1,2.70123264707368,2.5660881996154785
04v48f1367,4.00482801957564,3.835042953491211
02v17f0528,2.390837324426529,2.2934131622314453
02v18f0544,2.9464807485079576,2.6504507064819336
v38f1141c1,1.7324244181315105,1.5990781784057617
v18f0544c1,2.6469794379340277,2.5697479248046875
06v79f2269,3.4107282186291883,3.4074625968933105
03v31f0941,2.8042414417005563,2.7621288299560547
02v17f0533,2.318055796068768,2.2764062881469727
05v57f1580,1.8498001098632812,1.8569098711013794
05v57f1593,2.4473514413475095,2.3506171703338623
05v60f1659,1.9947074381510417,1.9436755180358887
05v68f1923,2.4684740231360918,2.397515058517456
01v08f0232,2.576132445208794,2.5155556201934814
03v31f0911,3.505925717561141,3.563382148742676
02v26f0774,2.2633641560872397,2.031665086746216
04v44f1251,4.384536941330154,3.0922372341156006
v81f2325c1,2.8245682489304316,2.8202245235443115
03v38f1141,1.6725535759559045,1.4887319803237915
01V01F0007,3.233834760616987,3.1926732063293457
02v26f0765,2.3542877906976742,2.139159679412842
04v48f1361,4.139715443486753,4.104952812194824
01v08f0227,1.9457252025604248,1.9346907138824463
v81f2329c1,1.6197793399586398,2.0101521015167236
04v50f1401,4.102417602539062,3.9604945182800293
v26f0774c1,2.4318927965666117,2.2869560718536377
06v79f2274,2.8972909109933034,2.7511520385742188
02v26f0782,2.9159804835464014,2.7935779094696045
01v08f0228,2.8011594757320375,2.7173914909362793
02v18f0548,2.3195072928851936,2.0744686126708984
03v31f0929,3.049073984925176,3.043478488922119
06v81f2329,1.8227349986200747,1.9981756210327148
05v61f1689,2.0038954865388354,1.9388889074325562
02v17f0527,2.3432398886576187,1.809755802154541
02v18f0543,2.026892784798499,1.8393597602844238
02v18f0560,2.6935011248722254,2.739436149597168
04v45f1292,3.5423765001188214,3.4003727436065674
03v33f0979,4.004515647888184,3.9780755043029785
03v36f1060,2.9542375044389204,2.8006362915039062
02v18f0539,2.2866383987368293,1.9329067468643188
v55f1536c1,4.7235290005675745,4.679611682891846
01v02f0063,1.957622412010332,1.9189188480377197
03v36f1062,5.426843137157206,3.873088836669922
01v01f0020,4.057805796138576,4.107143402099609
01v01f0031,3.478891173405434,3.5206174850463867
02v18f0555,1.4951627361240671,1.4389797449111938
03v32f0962,2.602911631266276,2.5703821182250977
01v02f0039,1.735849995127339,1.7104239463806152
03v33f0989,3.8317320852568657,3.8940930366516113
05v63f1763,2.667924513510608,2.567415714263916
03v33f0975,4.054048538208008,4.021762847900391
04v51f1431,5.3809458414713545,4.481112957000732
03v32f0954,2.9577847798665364,2.5263872146606445
04v55f1536,4.760443088812229,4.713840961456299
02v18f0534,2.7729460833823842,2.707493543624878
v51f1431c1,4.611115399528952,4.63218355178833
04v51f1427,3.956514273116838,4.0389180183410645
06v78f2230,3.645058371803977,3.5849356651306152
04v51f1421,4.558013916015625,4.573526382446289
06v78f2231,3.6160699048088594,3.6393439769744873
02v18f0542,1.8985347202845981,1.5853068828582764
03v36f1074,3.8343263951743523,3.882960557937622
v18f0534c1,2.5316037037333503,2.5302016735076904
v33f0979c1,3.979081556532118,3.9539475440979004
v33f0989c1,3.9120138417119565,3.980159044265747
v18f0560c1,2.4321929469253076,2.450817346572876
v51f1431c2,4.333968752906436,4.271629810333252
05v63f1746,2.6738304174002345,2.64608097076416
02v18f0551,2.0307529722790107,1.888888955116272
05v61f1698,1.5321430879480697,1.5366531610488892
02v14f0403,1.6311860261140045,1.5909088850021362
03v29f0880,3.457736240344101,3.341615676879883
v73f2081c2,2.721118694802989,2.527174234390259
v45f1275c1,3.5271776848032994,3.4267630577087402
03v29f0876,4.197660987056903,3.200423240661621
03v29f0877,3.5929335557021105,3.5864200592041016
21f0623 c1,2.528280157791941,2.1797096729278564
06v73f2077,3.3001474741342904,3.1832985877990723
v73f2081c1,3.740098774726755,3.648514747619629
03v29f0874,3.2995361328125,3.3100552558898926
04v43f1243,3.673628892355818,3.612208127975464
03v31f0926,3.8106205778301887,4.041092872619629
03v31f0927,2.957814714549917,3.0408835411071777
02v14f0400,1.917144081809304,1.616268515586853
05v61f1709,2.3088946779132327,1.4000002145767212
02v21f0623,2.1600715990612227,2.0423943996429443
02v14f0412,3.166617838541667,3.273437261581421
06v73f2081,3.154693797073203,3.0987255573272705
02v21f0628,2.1825393316313977,2.5275630950927734
06v73f2068,2.8244034961987565,2.9867987632751465
v14f0410c1,2.0294677459441863,2.0788378715515137
04v45f1295,4.0303466796875,4.060086727142334
04v45f1296,3.538062744140625,3.505263566970825
v05f0127c1,2.0815378076889934,2.012941837310791
02v14f0406,3.019896704303332,3.0057034492492676
02v14f0418,1.9193358506172153,1.9264700412750244
03v29f0871,4.625855460999504,4.677740573883057
02v14f0410,1.98942128929174,1.9424850940704346
v14f0410c2,1.914757168170103,1.8732637166976929
04v45f1275,3.4026171424971197,3.284116506576538
04v45f1284,3.1547907779091284,3.2301201820373535
21f0628 c1,2.5370585656290903,2.4390804767608643
03v34f0996,3.478973388671875,3.140625238418579
03v34f0992,2.9536238450270433,2.902127504348755
06v80f2313,2.979854839536261,2.7987420558929443
02v23f0695,2.236197750584609,1.967642068862915
05v57f1579,2.2568002723785767,1.9529656171798706
05v57f1582,2.237022060818142,1.7811634540557861
03v34f1017,2.6221885122903963,2.6186046600341797
02v15f0447,2.484998878272804,2.286407947540283
04v54f1507,3.6707011378088663,3.6452910900115967
v34f1006c1,3.787537967457491,3.8246805667877197
04v51f1422,4.096041744702483,4.063032627105713
04v54f1492,4.096515401204427,4.093085289001465
04v51f1430,4.074301839876576,4.0272908210754395
v15f0458c1,2.8184915491052576,3.0185680389404297
02v15f0458,3.0534553257286126,2.746544122695923
02v15f0430,2.4603927555155667,2.4814817905426025
02v15f0456,2.681428909301758,2.6857998371124268
02v15f0452,3.084348273999763,3.04556941986084
02v23f0701,3.015022502225988,3.0812411308288574
02v23f0687,2.637321624321136,2.6377246379852295
03v34f1008,3.7641012077657585,3.7982163429260254
06v80f2282,2.718905362215909,2.7070870399475098
05v57f1588,2.4007811727403086,2.4617700576782227
06v80f2305,3.2306645486207133,3.183034896850586
05v57f1577,2.184005073879076,2.230687141418457
04v51f1429,4.722592522116268,4.74484395980835
03v34f0997,3.994413301542208,3.946524143218994
04v54f1505,3.3426891326904298,2.030677556991577
02v23f0688,3.453065086813534,3.3367199897766113
v34f1009c1,3.2262743436373196,3.057788848876953
v54f1507c1,3.5784510782320207,3.546973466873169
v80f2305c1,3.36908205093876,3.3146581649780273
02v15f0435,2.6467747279575895,2.174014091491699
06v80f2309,2.032722424549662,1.9811913967132568
03v34f1009,3.0271453857421875,2.9202823638916016
03v34f1006,5.507414463588169,4.132823467254639
06v80f2307,2.8564805492912373,2.508046865463257
01v11f0305,2.089728325349212,2.183600664138794
v64f1792 c,2.4235198974609373,2.4338464736938477
02v14f0396,1.7445317116104255,1.6826928853988647
14f0416 c1,2.434612274169922,2.50620174407959
02v14f0405,2.368820704770892,1.8944449424743652
06v80f2284,3.3915662852995987,3.2277987003326416
04v44f1254,3.7561599151997624,3.6472854614257812
03v29f0866,3.871807098388672,3.82033109664917
v31f0939c1,3.606583790112567,3.3457558155059814
03v31f0932,4.631428238613154,4.437158107757568
02v14f0401,2.0625976885437334,1.9834442138671875
04v54f1495,4.3072349146792765,4.286423683166504
06v77f2213,4.369599491716867,4.423303127288818
05v64f1792,2.2595975106222586,2.223263740539551
02v14f0404,2.2687472984439037,2.2169036865234375
04v54f1489,4.696920460668103,4.741660118103027
v54f1495c1,4.306117534637451,4.284029960632324
05v61f1702,2.390315646216983,2.3530330657958984
v14f0405c1,2.0971009599401595,1.856353998184204
06v80f2311,2.3536053343907297,2.261420488357544
v31f0937c1,4.326240701878325,4.400396347045898
01v02f0064,2.197269540462854,1.9576270580291748
03v31f0939,3.6804015330779247,3.454859733581543
06v77f2205,3.065693956740359,2.5718235969543457
02v14f0417,2.609333538186961,2.409282684326172
v31f0932c1,4.339976283482143,4.447437286376953
02v14f0392,2.1864556519117224,2.130568504333496
v29f0870c1,2.45686178004488,2.39768648147583
02v14f0416,2.433499243951613,2.332814931869507
03v31f0937,4.262065841490964,4.372717380523682
03v29f0870,2.4419163295200894,2.3428053855895996
04v44f1267,4.417764663696289,4.341005325317383
v54f1489c1,4.66543281369093,4.700440406799316
04v44f1266,3.555131022135417,3.6719682216644287
06v79f2275,2.7832352075821314,2.7685585021972656
05v57f1574,2.7169915356682344,2.775862455368042
01V12F0340,2.213104248046875,2.1302595138549805
02v14f0408,2.0795023600260416,2.045093297958374
03v34f0995,2.9577506383260093,3.1377201080322266
V12F0349C1,3.290492702174831,3.2037038803100586
05v68f1925,1.3983438750843944,1.2919297218322754
06v79f2265,2.5027360916137695,2.3940882682800293
06v76f2169,2.5712445970253435,2.498882293701172
v44f1266c1,3.4237289428710938,3.4109597206115723
v23f0698c1,2.2689962601738345,1.9786103963851929
01v04f0122,3.6671764850616455,3.524526596069336
v43f1231c1,3.7342826298304965,3.755009651184082
04v54f1506,4.046880994524274,4.082118988037109
04v54f1496,4.48951416015625,4.337706565856934
06v76f2156,2.692211086467161,2.583841323852539
02v24f0721,2.866963388650222,2.9110429286956787
04v49f1389,3.494843239007994,3.1144161224365234
06v71f1993,3.1978820047260803,2.996788501739502
v76f2169c1,2.437370336797249,2.3686745166778564
02v14f0394,1.8890464738098502,1.8243249654769897
v24f0721c1,2.8053649352477477,2.8366971015930176
02v24f0714,3.099817318119085,3.2320868968963623
03v27f0800,2.9101990919846754,2.949819564819336
06v76f2153,-4.48987440629439,2.259036064147949
03v34f0999,4.105035836356027,4.141092300415039
04v43f1231,4.3223933372177,4.175532341003418
02v24f0723,3.298843493564523,3.1333324909210205
03v30f0895,3.477967695756392,3.4288504123687744
05v56f1538,2.8165970489758405,2.5857133865356445
02v14f0409,2.8634978163665927,2.861818790435791
01v04f0113,3.1093611685811924,3.161410093307495
v76f2153c1,2.133214314778646,2.106762170791626
V12F0340C1,2.188660878983755,2.2463467121124268
06v71f1999,2.261257845996867,2.21814227104187
06v79f2251,3.1598720433521854,3.1323533058166504
01v04f0120,2.786058807373047,2.8387856483459473
b03v280833,2.658779401720667,2.634199619293213
04v50f1406,3.7820071449762658,3.647569417953491
02v23f0698,2.1458000844427194,1.827433705329895
01v12f0349,3.134161812918527,3.1223859786987305
v49f1389c1,3.4594901300245717,3.0180182456970215
02v21f0630,1.4335355451030116,1.364617109298706
06v71f2012,2.070658678886218,2.034783124923706
01v01f0025,2.9680566555116235,2.9044687747955322
03v33f0988,3.7394016810825894,3.6014490127563477
01v02f0057,2.2523446780199197,2.1494250297546387
03v33f0986,4.714306002348856,4.528436183929443
03v33f0981,4.053360173731674,3.9237287044525146
05v62f1744,2.7760849785558954,2.8024697303771973
03v33f0977,4.611425427423007,4.672754287719727
02v17f0530,2.511226878446691,2.1060092449188232
05v62f1719,2.609492360809703,2.6438589096069336
v33f0987c1,5.393222343630907,5.286938190460205
06v79f2262,3.6115109058136636,3.6892166137695312
03v33f0984,4.903223837575605,4.89667272567749
v33f0981c1,3.668036882267442,3.6076643466949463
05v62f1716,2.654841636543843,2.53073787689209
03v33f0972,2.850464630126953,2.6961960792541504
02v17f0519,1.4077667236328124,1.3523313999176025
02v17f0500,2.0098366955862534,1.7881780862808228
06v79f2278,2.676117508499711,2.297062873840332
02v15f0510,1.9979681066564612,1.971718668937683
02v17f0502,2.6799131299628587,2.432887554168701
04v48f1365,3.4043438251201925,3.4636173248291016
04v48f1362,4.2534897902916216,4.300566673278809
06v79f2256,2.644077424080141,2.7332212924957275
03v33f0983,1.9096540010892429,1.8804841041564941
03v33f0982,3.6422982352120536,3.678225517272949
01v02f0041,2.5139064910305535,2.550335645675659
06v79f2254,3.0814379315043605,3.113955020904541
02v17f0507,2.844913090500876,2.836005210876465
06v79f2266,14.38405020025712,3.7727272510528564
05v62f1738,2.760979956322974,2.704735279083252
05v62f1723,2.8903071901193513,2.891737937927246
05v62f1727,2.131813244941907,2.066890239715576
05v62f1734,2.7359015616261186,2.6666672229766846
v33f0983c1,3.682369325219131,3.7405858039855957
06v79f2271,3.4646753381799766,2.9707870483398438
v48f1365c1,4.072749633789062,4.123043060302734
04v48f1356,4.460437328784497,4.492035865783691
06v79f2255,3.1964281658793605,2.388101816177368
04v48f1370,3.8676726242591597,3.8270039558410645
03v33f0987,4.748117181319225,5.114754676818848
01v03f0079,2.386453780963148,2.4642233848571777
01v08f0204,2.640698095995509,2.669564723968506
03v27f0804,3.8002896990094865,3.7723851203918457
02v20f0602,2.8594259342677155,2.513157606124878
03v28f0831,3.448662757873535,3.4238080978393555
04v49f1395,3.4651682000411186,3.440707206726074
v49f1395c1,3.6128913031684027,3.5114636421203613
v49f1395c2,3.2483806204288563,3.133650302886963
v28f0843c1,3.7698791919111394,3.9360339641571045
01v03f0086,2.3869545554274505,2.4813661575317383
02v17f0508,2.928659479288642,2.4263575077056885
04v50f1403,3.515415834576896,3.417344331741333
v68f1914 c,1.8606779424334212,1.8128834962844849
02v14f0420,2.0979553526313746,1.9963632822036743
v03f0079c1,2.791011487023305,2.7178916931152344
05v68f1914,1.8387189290927768,1.7861740589141846
05v68f1918,2.618572170451536,2.637312412261963
b03v270820,3.8973310111772896,3.517374277114868
06v70f1978,3.1872802180768143,3.271211862564087
03v28f0843,3.364831086631133,3.499399185180664
01v03f0071,3.4714881759917664,3.0929489135742188
02v17f0503,2.9649139501797124,2.786729574203491
01v08f0236,2.9134063720703125,2.8851675987243652
v17f0508c1,2.480083597117457,1.7397958040237427
03v28f0838,3.224674147002551,3.174017906188965
03v28f0846,3.165874339916088,3.1095380783081055
06v77f2196,2.186563292546059,2.0891799926757812
06v77f2193,2.859683294365876,2.693146228790283
02v15f0460,3.183537409855769,3.165292739868164
01v11f0319,2.2671435421994883,2.3457136154174805
01v04f0103,1.8958733909488341,1.6303188800811768
02v14f0514,2.094823693716398,1.8974369764328003
05v62f1721,2.8489122178819444,2.5928568840026855
01v11f0299,,
02v17f0505,1.6491181746773098,1.671491265296936
01v13f0389,2.970544907653216,2.9511494636535645
01v11f0308,,
04v51f1424,4.658313648120777,4.725525856018066
01v04f0108,2.503917048527644,2.466243267059326
06v73f2052,2.990984748391544,2.6886541843414307
05v62f1718,2.699445371274595,2.651212692260742
b0v73f2048,2.2292336708258005,2.0232553482055664
02v23f0684,3.3482624128753065,3.058563709259033
06v73f2051,2.982813200882177,2.97733736038208
04v43f1239,3.70023927234468,3.6518845558166504
02v17f0504,2.6744616800103307,2.401315212249756
51f1424 c1,4.859953507133152,4.870214462280273
05v60f1674,2.0413665771484375,1.9343745708465576
05v60f1665,1.831232951237605,1.7460875511169434
01v13f0381,1.487907008120888,1.3855420351028442
05v60f1661,2.072139539216694,2.049337387084961
06v72f2042,4.683049982244318,3.451627254486084
02v21f0647,2.252039591471354,1.8053135871887207
